dataset,scope,scenario,patch,qci_payload_type,repeat_budget,qci_job_count,qci_sample_count,qci_feasibility_after_repair,qci_pre_repair_violation_rate,qci_post_repair_violation_rate,qci_critical_load_served_fraction_mean,qci_critical_load_served_fraction_median,qci_critical_energy_not_served_kwh_mean,qci_max_fraction_customers_unserved_per_hour_max,qci_infra_unserved_hours_proxy_mean,lowest_qci_energy_is_best_risk_count,lowest_qci_energy_is_best_critical_served_count,qci_energy_vs_critical_served_corr,failure_modes,evidence,recommended_small_change,source_full_payload_id,qci_payload_name,patch_ids,variable_count,coefficient_scaling_factor,qci_risk_adjusted_cost_best,best_baseline_risk_method,best_baseline_risk_adjusted_cost_best,risk_ratio_qci_to_best,qci_critical_load_served_fraction_best,best_baseline_critical_load_served_fraction_best,critical_served_gap,qci_critical_energy_not_served_best,best_baseline_critical_energy_not_served_best,critical_ens_gap,qci_max_fraction_customers_unserved_per_hour_best,best_baseline_max_fraction_customers_unserved_per_hour_best,max_unserved_gap,qci_feasibility_after_repair_rate,best_baseline_feasibility_after_repair_rate,likely_failure_modes,closest_rank_within_dataset
pglib_case5_pjm_adapted,dataset,ALL,ALL,full_qci_payloads,50.0,400.0,400.0,1.0,1.0,0.0,0.7461045931441351,0.8194723559906191,344.34405404733786,0.2777440685052399,4.095,0.0,0.0,0.0859256147328051,underweighted_critical_load|underweighted_max_unserved_constraint|poor_sample_selection|weak_repair_projection_interface|bad_coefficient_scaling|objective_mismatch,"QCi loses critical-load served and/or critical ENS to the best baseline in scenario-stress comparison. QCi max fraction customers unserved is higher than the best baseline. lowest QCi energy is best risk for 0/8 payloads and best critical-served for 0/8 payloads. All raw QCi samples violate constraints before repair, then repair projects them to feasible states; hardware objective does not directly see repaired feasibility/resilience. coefficient max=9.18e+05, median |coef|=8, median scale=1.9e-06. corr(qci_energy, critical_load_served_fraction)=0.086; lower QCi energy is not a reliable repaired-resilience ranking signal.","reweight critical ENS/max-unserved penalties, rerank QCi samples by repaired Phase 3 metrics, and rebuild QCi-fit patches using two-bus/full-132 patches before any new QCi run",,,,,,,,,,,,,,,,,,,,,,
pglib_case14_adapted,dataset,ALL,ALL,qci_fit_decomposed_payloads,30.0,60.0,1800.0,1.0,1.0,0.0,0.29056958596769106,0.0,93.92755360316666,0.656371233054395,4.726666666666667,19.0,36.0,0.7561958171983961,underweighted_critical_load|poor_sample_selection|weak_repair_projection_interface|bad_coefficient_scaling|decomposition_quality|objective_mismatch|runtime_repeat_budget_secondary,"QCi loses critical-load served and/or critical ENS to the best baseline in scenario-stress comparison. lowest QCi energy is best risk for 19/60 payloads and best critical-served for 36/60 payloads. All raw QCi samples violate constraints before repair, then repair projects them to feasible states; hardware objective does not directly see repaired feasibility/resilience. coefficient max=5.04e+04, median |coef|=8, median scale=0.0001. QCi-fit payloads solve single/two-microgrid patches rather than the full 198-variable source payload; median variable count is below the 132 limit. corr(qci_energy, critical_load_served_fraction)=0.756; lower QCi energy is not a reliable repaired-resilience ranking signal. repeat/sample budget is 30; increasing samples alone is secondary unless paired with repaired-metric reranking.","reweight critical ENS/max-unserved penalties, rerank QCi samples by repaired Phase 3 metrics, and rebuild QCi-fit patches using two-bus/full-132 patches before any new QCi run",,,,,,,,,,,,,,,,,,,,,,
pglib_case30_adapted,dataset,ALL,ALL,qci_fit_decomposed_payloads,20.0,66.0,1320.0,1.0,1.0,0.0,0.22517905165338736,0.0,85.42504106568182,0.5500107130408087,5.213636363636364,27.0,43.0,0.7195197008921208,underweighted_critical_load|underweighted_max_unserved_constraint|poor_sample_selection|weak_repair_projection_interface|bad_coefficient_scaling|decomposition_quality|objective_mismatch|runtime_repeat_budget_secondary,"QCi loses critical-load served and/or critical ENS to the best baseline in scenario-stress comparison. QCi max fraction customers unserved is higher than the best baseline. lowest QCi energy is best risk for 27/66 payloads and best critical-served for 43/66 payloads. All raw QCi samples violate constraints before repair, then repair projects them to feasible states; hardware objective does not directly see repaired feasibility/resilience. coefficient max=5.09e+04, median |coef|=8, median scale=0.0001. QCi-fit payloads solve single/two-microgrid patches rather than the full 198-variable source payload; median variable count is below the 132 limit. corr(qci_energy, critical_load_served_fraction)=0.720; lower QCi energy is not a reliable repaired-resilience ranking signal. repeat/sample budget is 20; increasing samples alone is secondary unless paired with repaired-metric reranking.","reweight critical ENS/max-unserved penalties, rerank QCi samples by repaired Phase 3 metrics, and rebuild QCi-fit patches using two-bus/full-132 patches before any new QCi run",,,,,,,,,,,,,,,,,,,,,,
pglib_case14_adapted,qci_fit_patch,storm_forced_islanding,BUS4_MG-BUS9_MG,,,,,,,,,,,,,,,,,,,storm_forced_islanding_BUS3_MG-BUS4_MG-BUS9_MG,storm_forced_islanding_BUS4_MG-BUS9_MG__from__storm_forced_islanding_BUS3_MG-BUS4_MG-BUS9_MG.json,"[""BUS4_MG"", ""BUS9_MG""]",132.0,7.818876837666333e-05,93.87457409384176,DifferentialEvolutionOptimizer,167.91590667443882,0.559057065843375,0.9984183905503764,0.5879134360923797,-0.41050495445799673,0.4227451999999871,231.3481823532408,-230.9254371532408,0.1447094230658155,0.4963719772348401,-0.3516625541690246,1.0,1.0,objective_mismatch_or_cost_gap,1.0
pglib_case14_adapted,qci_fit_patch,storm_forced_islanding,BUS1_MG-BUS2_MG,,,,,,,,,,,,,,,,,,,storm_forced_islanding_BUS14_MG-BUS1_MG-BUS2_MG,storm_forced_islanding_BUS1_MG-BUS2_MG__from__storm_forced_islanding_BUS14_MG-BUS1_MG-BUS2_MG.json,"[""BUS1_MG"", ""BUS2_MG""]",132.0,0.0001,32.00229990538202,Stress-only reserve heuristic baseline,39.88374398939284,0.802389562872861,1.0,1.0,0.0,0.0,0.0,0.0,1.4323208734519189e-08,0.0,1.4323208734519189e-08,1.0,1.0,objective_mismatch_or_cost_gap,2.0
pglib_case14_adapted,qci_fit_patch,storm_forced_islanding,BUS14_MG-BUS1_MG,,,,,,,,,,,,,,,,,,,storm_forced_islanding_BUS14_MG-BUS1_MG-BUS2_MG,storm_forced_islanding_BUS14_MG-BUS1_MG__from__storm_forced_islanding_BUS14_MG-BUS1_MG-BUS2_MG.json,"[""BUS14_MG"", ""BUS1_MG""]",132.0,0.0001,36.8209406478065,Stress-only reserve heuristic baseline,39.88374398939284,0.9232067244639596,1.0,1.0,0.0,0.0,0.0,0.0,1.019279505293691e-08,0.0,1.019279505293691e-08,1.0,1.0,objective_mismatch_or_cost_gap,3.0
pglib_case14_adapted,qci_fit_patch,local_generator_failure,BUS3_MG-BUS4_MG,,,,,,,,,,,,,,,,,,,local_generator_failure_BUS3_MG-BUS4_MG-BUS9_MG,local_generator_failure_BUS3_MG-BUS4_MG__from__local_generator_failure_BUS3_MG-BUS4_MG-BUS9_MG.json,"[""BUS3_MG"", ""BUS4_MG""]",132.0,3.1513016471157156e-05,166.699417002,Piecewise-linear MILP baseline,158.3451931448542,1.052759567191303,1.0,1.0,0.0,0.0,0.0,0.0,0.0160848743628343,0.0,0.0160848743628343,1.0,1.0,objective_mismatch_or_cost_gap,4.0
pglib_case14_adapted,qci_fit_patch,demand_surge,BUS4_MG-BUS9_MG,,,,,,,,,,,,,,,,,,,demand_surge_BUS3_MG-BUS4_MG-BUS9_MG,demand_surge_BUS4_MG-BUS9_MG__from__demand_surge_BUS3_MG-BUS4_MG-BUS9_MG.json,"[""BUS4_MG"", ""BUS9_MG""]",132.0,7.626521884818495e-05,202.996765608,Stress-only reserve heuristic baseline,188.322912696,1.077918574548001,1.0,1.0,0.0,0.0,0.0,0.0,0.0079577308395087,0.0,0.0079577308395087,1.0,1.0,objective_mismatch_or_cost_gap,5.0
pglib_case14_adapted,qci_fit_patch,pcc_failure,BUS3_MG-BUS4_MG,,,,,,,,,,,,,,,,,,,pcc_failure_BUS3_MG-BUS4_MG-BUS9_MG,pcc_failure_BUS3_MG-BUS4_MG__from__pcc_failure_BUS3_MG-BUS4_MG-BUS9_MG.json,"[""BUS3_MG"", ""BUS4_MG""]",132.0,3.088272438605062e-05,173.609818056,Piecewise-linear MILP baseline,160.16034914485422,1.0839750224256919,1.0,1.0,0.0,0.0,0.0,0.0,0.0004038625750712,0.0,0.0004038625750712,1.0,1.0,objective_mismatch_or_cost_gap,6.0
pglib_case14_adapted,qci_fit_patch,normal,BUS3_MG-BUS4_MG,,,,,,,,,,,,,,,,,,,normal_BUS3_MG-BUS4_MG-BUS9_MG,normal_BUS3_MG-BUS4_MG__from__normal_BUS3_MG-BUS4_MG-BUS9_MG.json,"[""BUS3_MG"", ""BUS4_MG""]",132.0,3.4685270827764116e-05,171.9024637,Piecewise-linear MILP baseline,149.43474314485417,1.1503513847068805,1.0,1.0,0.0,0.0,0.0,0.0,0.0354665368273346,0.0,0.0354665368273346,1.0,1.0,objective_mismatch_or_cost_gap,7.0
pglib_case14_adapted,qci_fit_patch,renewable_shortfall,BUS4_MG-BUS9_MG,,,,,,,,,,,,,,,,,,,renewable_shortfall_BUS3_MG-BUS4_MG-BUS9_MG,renewable_shortfall_BUS4_MG-BUS9_MG__from__renewable_shortfall_BUS3_MG-BUS4_MG-BUS9_MG.json,"[""BUS4_MG"", ""BUS9_MG""]",132.0,0.0001,205.799688027,Piecewise-linear MILP baseline,162.63404594485422,1.2654157795273835,1.0,1.0,0.0,0.0,0.0,0.0,0.0030038842360623,0.0,0.0030038842360623,1.0,1.0,objective_mismatch_or_cost_gap,8.0
pglib_case14_adapted,qci_fit_patch,pcc_failure,BUS4_MG-BUS9_MG,,,,,,,,,,,,,,,,,,,pcc_failure_BUS3_MG-BUS4_MG-BUS9_MG,pcc_failure_BUS4_MG-BUS9_MG__from__pcc_failure_BUS3_MG-BUS4_MG-BUS9_MG.json,"[""BUS4_MG"", ""BUS9_MG""]",132.0,0.0001,206.236853508,Piecewise-linear MILP baseline,160.16034914485422,1.2876898346511014,1.0,1.0,0.0,0.0,0.0,0.0,0.0043135234486614,0.0,0.0043135234486614,1.0,1.0,objective_mismatch_or_cost_gap,9.0
pglib_case14_adapted,qci_fit_patch,normal,BUS4_MG-BUS9_MG,,,,,,,,,,,,,,,,,,,normal_BUS3_MG-BUS4_MG-BUS9_MG,normal_BUS4_MG-BUS9_MG__from__normal_BUS3_MG-BUS4_MG-BUS9_MG.json,"[""BUS4_MG"", ""BUS9_MG""]",132.0,0.0001,197.4589208278409,Piecewise-linear MILP baseline,149.43474314485417,1.321372236953187,1.0,1.0,0.0,0.0,0.0,0.0,0.0134141979506086,0.0,0.0134141979506086,1.0,1.0,objective_mismatch_or_cost_gap,10.0
pglib_case14_adapted,qci_fit_patch,local_generator_failure,BUS4_MG-BUS9_MG,,,,,,,,,,,,,,,,,,,local_generator_failure_BUS3_MG-BUS4_MG-BUS9_MG,local_generator_failure_BUS4_MG-BUS9_MG__from__local_generator_failure_BUS3_MG-BUS4_MG-BUS9_MG.json,"[""BUS4_MG"", ""BUS9_MG""]",132.0,0.0001,214.990455534,Piecewise-linear MILP baseline,158.3451931448542,1.3577327562910402,1.0,1.0,0.0,0.0,0.0,0.0,0.0048483856454923,0.0,0.0048483856454923,1.0,1.0,objective_mismatch_or_cost_gap,11.0
pglib_case14_adapted,qci_fit_patch,pcc_failure,BUS14_MG-BUS1_MG,,,,,,,,,,,,,,,,,,,pcc_failure_BUS14_MG-BUS1_MG-BUS2_MG,pcc_failure_BUS14_MG-BUS1_MG__from__pcc_failure_BUS14_MG-BUS1_MG-BUS2_MG.json,"[""BUS14_MG"", ""BUS1_MG""]",132.0,0.0001,62.20932842070151,Piecewise-linear MILP baseline,29.221625485619995,2.1288798068853088,1.0,1.0,0.0,0.0,0.0,0.0,1.6470896954512435e-09,0.0,1.6470896954512435e-09,1.0,1.0,objective_mismatch_or_cost_gap,12.0
pglib_case14_adapted,qci_fit_patch,pcc_failure,BUS1_MG-BUS2_MG,,,,,,,,,,,,,,,,,,,pcc_failure_BUS14_MG-BUS1_MG-BUS2_MG,pcc_failure_BUS1_MG-BUS2_MG__from__pcc_failure_BUS14_MG-BUS1_MG-BUS2_MG.json,"[""BUS1_MG"", ""BUS2_MG""]",132.0,0.0001,68.35670145562554,Piecewise-linear MILP baseline,29.221625485619995,2.3392504804109535,1.0,1.0,0.0,0.0,0.0,0.0,2.0214282625992536e-09,0.0,2.0214282625992536e-09,1.0,1.0,objective_mismatch_or_cost_gap,13.0
pglib_case14_adapted,qci_fit_patch,demand_surge,BUS14_MG-BUS1_MG,,,,,,,,,,,,,,,,,,,demand_surge_BUS14_MG-BUS1_MG-BUS2_MG,demand_surge_BUS14_MG-BUS1_MG__from__demand_surge_BUS14_MG-BUS1_MG-BUS2_MG.json,"[""BUS14_MG"", ""BUS1_MG""]",132.0,0.0001,109.76302956458058,Piecewise-linear MILP baseline,36.4218738069892,3.0136568520952247,1.0,1.0,0.0,0.0,0.0,0.0,0.0,0.0,0.0,1.0,1.0,objective_mismatch_or_cost_gap,14.0
pglib_case14_adapted,qci_fit_patch,renewable_shortfall,BUS14_MG-BUS1_MG,,,,,,,,,,,,,,,,,,,renewable_shortfall_BUS14_MG-BUS1_MG-BUS2_MG,renewable_shortfall_BUS14_MG-BUS1_MG__from__renewable_shortfall_BUS14_MG-BUS1_MG-BUS2_MG.json,"[""BUS14_MG"", ""BUS1_MG""]",132.0,0.0001,91.65602333492572,Piecewise-linear MILP baseline,29.6492893616734,3.091339634379442,1.0,1.0,0.0,0.0,0.0,0.0,0.0,0.0,0.0,1.0,1.0,objective_mismatch_or_cost_gap,15.0
pglib_case14_adapted,qci_fit_patch,demand_surge,BUS1_MG-BUS2_MG,,,,,,,,,,,,,,,,,,,demand_surge_BUS14_MG-BUS1_MG-BUS2_MG,demand_surge_BUS1_MG-BUS2_MG__from__demand_surge_BUS14_MG-BUS1_MG-BUS2_MG.json,"[""BUS1_MG"", ""BUS2_MG""]",132.0,0.0001,114.70986959815394,Piecewise-linear MILP baseline,36.4218738069892,3.1494774323264396,1.0,1.0,0.0,0.0,0.0,0.0,0.0,0.0,0.0,1.0,1.0,objective_mismatch_or_cost_gap,16.0
pglib_case14_adapted,qci_fit_patch,local_generator_failure,BUS14_MG-BUS1_MG,,,,,,,,,,,,,,,,,,,local_generator_failure_BUS14_MG-BUS1_MG-BUS2_MG,local_generator_failure_BUS14_MG-BUS1_MG__from__local_generator_failure_BUS14_MG-BUS1_MG-BUS2_MG.json,"[""BUS14_MG"", ""BUS1_MG""]",132.0,0.0001,97.0561385018355,Piecewise-linear MILP baseline,28.789977054717134,3.3711780428784053,1.0,1.0,0.0,0.0,0.0,0.0,0.0,0.0,0.0,1.0,1.0,objective_mismatch_or_cost_gap,17.0
pglib_case14_adapted,qci_fit_patch,local_generator_failure,BUS1_MG-BUS2_MG,,,,,,,,,,,,,,,,,,,local_generator_failure_BUS14_MG-BUS1_MG-BUS2_MG,local_generator_failure_BUS1_MG-BUS2_MG__from__local_generator_failure_BUS14_MG-BUS1_MG-BUS2_MG.json,"[""BUS1_MG"", ""BUS2_MG""]",132.0,0.0001,101.226397615745,Piecewise-linear MILP baseline,28.789977054717134,3.5160291174723053,1.0,1.0,0.0,0.0,0.0,0.0,0.0,0.0,0.0,1.0,1.0,objective_mismatch_or_cost_gap,18.0
pglib_case14_adapted,qci_fit_patch,normal,BUS1_MG-BUS2_MG,,,,,,,,,,,,,,,,,,,normal_BUS14_MG-BUS1_MG-BUS2_MG,normal_BUS1_MG-BUS2_MG__from__normal_BUS14_MG-BUS1_MG-BUS2_MG.json,"[""BUS1_MG"", ""BUS2_MG""]",132.0,0.0001,94.19965434297372,Piecewise-linear MILP baseline,26.698629959604617,3.528257984978969,1.0,1.0,0.0,0.0,0.0,0.0,0.0,0.0,0.0,1.0,1.0,objective_mismatch_or_cost_gap,19.0
pglib_case14_adapted,qci_fit_patch,renewable_shortfall,BUS1_MG-BUS2_MG,,,,,,,,,,,,,,,,,,,renewable_shortfall_BUS14_MG-BUS1_MG-BUS2_MG,renewable_shortfall_BUS1_MG-BUS2_MG__from__renewable_shortfall_BUS14_MG-BUS1_MG-BUS2_MG.json,"[""BUS1_MG"", ""BUS2_MG""]",132.0,0.0001,120.21937563880118,Piecewise-linear MILP baseline,29.6492893616734,4.054713560663095,1.0,1.0,0.0,0.0,0.0,0.0,0.0,0.0,0.0,1.0,1.0,objective_mismatch_or_cost_gap,20.0
pglib_case14_adapted,qci_fit_patch,normal,BUS14_MG-BUS1_MG,,,,,,,,,,,,,,,,,,,normal_BUS14_MG-BUS1_MG-BUS2_MG,normal_BUS14_MG-BUS1_MG__from__normal_BUS14_MG-BUS1_MG-BUS2_MG.json,"[""BUS14_MG"", ""BUS1_MG""]",132.0,0.0001,112.3808884308062,Piecewise-linear MILP baseline,26.698629959604617,4.209238024604258,1.0,1.0,0.0,0.0,0.0,0.0,0.0,0.0,0.0,1.0,1.0,objective_mismatch_or_cost_gap,21.0
pglib_case14_adapted,qci_fit_patch,demand_surge,BUS3_MG-BUS4_MG,,,,,,,,,,,,,,,,,,,demand_surge_BUS3_MG-BUS4_MG-BUS9_MG,demand_surge_BUS3_MG-BUS4_MG__from__demand_surge_BUS3_MG-BUS4_MG-BUS9_MG.json,"[""BUS3_MG"", ""BUS4_MG""]",132.0,1.9825915339338025e-05,174.991136188,Stress-only reserve heuristic baseline,188.322912696,0.9292078891668334,0.9993558897551228,1.0,0.0006441102448772051,0.3032899999999969,0.0,0.3032899999999969,0.0263286946506775,0.0,0.0263286946506775,1.0,1.0,decomposition_quality|objective_mismatch|underweighted_critical_load,22.0
pglib_case14_adapted,qci_fit_patch,renewable_shortfall,BUS3_MG-BUS4_MG,,,,,,,,,,,,,,,,,,,renewable_shortfall_BUS3_MG-BUS4_MG-BUS9_MG,renewable_shortfall_BUS3_MG-BUS4_MG__from__renewable_shortfall_BUS3_MG-BUS4_MG-BUS9_MG.json,"[""BUS3_MG"", ""BUS4_MG""]",132.0,2.7736953207504655e-05,175.084353138,Piecewise-linear MILP baseline,162.63404594485422,1.0765541256802247,0.903251618308556,1.0,0.09674838169144395,38.049264,0.0,38.049264,0.0989398234348472,0.0,0.0989398234348472,1.0,1.0,decomposition_quality|objective_mismatch|underweighted_critical_load,23.0
pglib_case14_adapted,qci_fit_patch,storm_forced_islanding,BUS3_MG-BUS4_MG,,,,,,,,,,,,,,,,,,,storm_forced_islanding_BUS3_MG-BUS4_MG-BUS9_MG,storm_forced_islanding_BUS3_MG-BUS4_MG__from__storm_forced_islanding_BUS3_MG-BUS4_MG-BUS9_MG.json,"[""BUS3_MG"", ""BUS4_MG""]",132.0,2.12434379296138e-05,121.03906534726066,DifferentialEvolutionOptimizer,167.91590667443882,0.7208314432172016,0.421390562647194,0.5879134360923797,0.16652287344518568,263.2509211999999,231.3481823532408,31.902738846759092,0.5277191729073107,0.4963719772348401,0.03134719567247063,1.0,1.0,decomposition_quality|objective_mismatch|underweighted_critical_load,24.0
pglib_case14_adapted,qci_fit_patch,storm_forced_islanding,BUS9_MG,,,,,,,,,,,,,,,,,,,storm_forced_islanding_BUS3_MG-BUS4_MG-BUS9_MG,storm_forced_islanding_BUS9_MG__from__storm_forced_islanding_BUS3_MG-BUS4_MG-BUS9_MG.json,"[""BUS9_MG""]",66.0,0.0001,40.204450267581095,DifferentialEvolutionOptimizer,167.91590667443882,0.23943205300693088,0.0,0.5879134360923797,0.5879134360923797,106.435056,231.3481823532408,-124.91312635324078,0.1363588125007369,0.4963719772348401,-0.3600131647341032,1.0,1.0,decomposition_quality|objective_mismatch|underweighted_critical_load,25.0
pglib_case14_adapted,qci_fit_patch,storm_forced_islanding,BUS4_MG,,,,,,,,,,,,,,,,,,,storm_forced_islanding_BUS3_MG-BUS4_MG-BUS9_MG,storm_forced_islanding_BUS4_MG__from__storm_forced_islanding_BUS3_MG-BUS4_MG-BUS9_MG.json,"[""BUS4_MG""]",66.0,7.818876837666333e-05,53.670123826260664,DifferentialEvolutionOptimizer,167.91590667443882,0.3196250128364441,0.0,0.5879134360923797,0.5879134360923797,160.8529272,231.3481823532408,-70.49525515324078,0.2209474995774653,0.4963719772348401,-0.2754244776573748,1.0,1.0,decomposition_quality|objective_mismatch|underweighted_critical_load,26.0
pglib_case14_adapted,qci_fit_patch,storm_forced_islanding,BUS3_MG,,,,,,,,,,,,,,,,,,,storm_forced_islanding_BUS3_MG-BUS4_MG-BUS9_MG,storm_forced_islanding_BUS3_MG__from__storm_forced_islanding_BUS3_MG-BUS4_MG-BUS9_MG.json,"[""BUS3_MG""]",66.0,2.12434379296138e-05,73.999053,DifferentialEvolutionOptimizer,167.91590667443882,0.44069114395143,0.0,0.5879134360923797,0.5879134360923797,294.118776,231.3481823532408,62.77059364675924,0.4354237334769295,0.4963719772348401,-0.060948243757910636,1.0,1.0,decomposition_quality|objective_mismatch|underweighted_critical_load,27.0
pglib_case14_adapted,qci_fit_patch,normal,BUS1_MG,,,,,,,,,,,,,,,,,,,normal_BUS14_MG-BUS1_MG-BUS2_MG,normal_BUS1_MG__from__normal_BUS14_MG-BUS1_MG-BUS2_MG.json,"[""BUS1_MG""]",66.0,0.0001,70.16631464577371,Piecewise-linear MILP baseline,26.698629959604617,2.628086712761527,0.0,1.0,1.0,18.41366,0.0,18.41366,0.0380925802914113,0.0,0.0380925802914113,1.0,1.0,decomposition_quality|objective_mismatch|underweighted_critical_load,28.0
pglib_case14_adapted,qci_fit_patch,renewable_shortfall,BUS1_MG,,,,,,,,,,,,,,,,,,,renewable_shortfall_BUS14_MG-BUS1_MG-BUS2_MG,renewable_shortfall_BUS1_MG__from__renewable_shortfall_BUS14_MG-BUS1_MG-BUS2_MG.json,"[""BUS1_MG""]",66.0,0.0001,77.73900755007067,Piecewise-linear MILP baseline,29.6492893616734,2.6219517979598246,0.0,1.0,1.0,18.7819332,0.0,18.7819332,0.0380925802914113,0.0,0.0380925802914113,1.0,1.0,decomposition_quality|objective_mismatch|underweighted_critical_load,29.0
pglib_case14_adapted,qci_fit_patch,local_generator_failure,BUS1_MG,,,,,,,,,,,,,,,,,,,local_generator_failure_BUS14_MG-BUS1_MG-BUS2_MG,local_generator_failure_BUS1_MG__from__local_generator_failure_BUS14_MG-BUS1_MG-BUS2_MG.json,"[""BUS1_MG""]",66.0,0.0001,76.1465090458974,Piecewise-linear MILP baseline,28.789977054717134,2.6448964825910157,0.0,1.0,1.0,19.1502064,0.0,19.1502064,0.0380925802914113,0.0,0.0380925802914113,1.0,1.0,decomposition_quality|objective_mismatch|underweighted_critical_load,30.0
pglib_case14_adapted,qci_fit_patch,pcc_failure,BUS1_MG,,,,,,,,,,,,,,,,,,,pcc_failure_BUS14_MG-BUS1_MG-BUS2_MG,pcc_failure_BUS1_MG__from__pcc_failure_BUS14_MG-BUS1_MG-BUS2_MG.json,"[""BUS1_MG""]",66.0,0.0001,8.178101066600659,Piecewise-linear MILP baseline,29.221625485619995,0.2798646868780491,0.0,1.0,1.0,19.334343,0.0,19.334343,0.0380925802914113,0.0,0.0380925802914113,1.0,1.0,decomposition_quality|objective_mismatch|underweighted_critical_load,31.0
pglib_case14_adapted,qci_fit_patch,storm_forced_islanding,BUS1_MG,,,,,,,,,,,,,,,,,,,storm_forced_islanding_BUS14_MG-BUS1_MG-BUS2_MG,storm_forced_islanding_BUS1_MG__from__storm_forced_islanding_BUS14_MG-BUS1_MG-BUS2_MG.json,"[""BUS1_MG""]",66.0,0.0001,8.769766197547018,Stress-only reserve heuristic baseline,39.88374398939284,0.2198832235980492,0.0,1.0,1.0,21.7281188,0.0,21.7281188,0.0380925802914113,0.0,0.0380925802914113,1.0,1.0,decomposition_quality|objective_mismatch|underweighted_critical_load,32.0
pglib_case14_adapted,qci_fit_patch,demand_surge,BUS1_MG,,,,,,,,,,,,,,,,,,,demand_surge_BUS14_MG-BUS1_MG-BUS2_MG,demand_surge_BUS1_MG__from__demand_surge_BUS14_MG-BUS1_MG-BUS2_MG.json,"[""BUS1_MG""]",66.0,0.0001,74.98805144646744,Piecewise-linear MILP baseline,36.4218738069892,2.058874066827324,0.0,1.0,1.0,22.4872296,0.0,22.4872296,0.0380926080916309,0.0,0.0380926080916309,1.0,1.0,decomposition_quality|objective_mismatch|underweighted_critical_load,33.0
pglib_case14_adapted,qci_fit_patch,normal,BUS14_MG,,,,,,,,,,,,,,,,,,,normal_BUS14_MG-BUS1_MG-BUS2_MG,normal_BUS14_MG__from__normal_BUS14_MG-BUS1_MG-BUS2_MG.json,"[""BUS14_MG""]",66.0,0.0001,86.7798296653409,Piecewise-linear MILP baseline,26.698629959604617,3.2503476693987645,0.0,1.0,1.0,48.624660000000006,0.0,48.624660000000006,0.06887275614444,0.0,0.06887275614444,1.0,1.0,decomposition_quality|objective_mismatch|underweighted_critical_load,34.0
pglib_case14_adapted,qci_fit_patch,renewable_shortfall,BUS14_MG,,,,,,,,,,,,,,,,,,,renewable_shortfall_BUS14_MG-BUS1_MG-BUS2_MG,renewable_shortfall_BUS14_MG__from__renewable_shortfall_BUS14_MG-BUS1_MG-BUS2_MG.json,"[""BUS14_MG""]",66.0,0.0001,87.72253736534091,Piecewise-linear MILP baseline,29.6492893616734,2.9586725096601056,0.0,1.0,1.0,49.59715320000001,0.0,49.59715320000001,0.06887275614444,0.0,0.06887275614444,1.0,1.0,decomposition_quality|objective_mismatch|underweighted_critical_load,35.0
pglib_case14_adapted,qci_fit_patch,local_generator_failure,BUS14_MG,,,,,,,,,,,,,,,,,,,local_generator_failure_BUS14_MG-BUS1_MG-BUS2_MG,local_generator_failure_BUS14_MG__from__local_generator_failure_BUS14_MG-BUS1_MG-BUS2_MG.json,"[""BUS14_MG""]",66.0,0.0001,87.3866942653409,Piecewise-linear MILP baseline,28.789977054717134,3.0353165651802043,0.0,1.0,1.0,50.56964640000001,0.0,50.56964640000001,0.06887275614444,0.0,0.06887275614444,1.0,1.0,decomposition_quality|objective_mismatch|underweighted_critical_load,36.0
pglib_case14_adapted,qci_fit_patch,pcc_failure,BUS14_MG,,,,,,,,,,,,,,,,,,,pcc_failure_BUS14_MG-BUS1_MG-BUS2_MG,pcc_failure_BUS14_MG__from__pcc_failure_BUS14_MG-BUS1_MG-BUS2_MG.json,"[""BUS14_MG""]",66.0,0.0001,87.50825591534091,Piecewise-linear MILP baseline,29.221625485619995,2.994640252247564,0.0,1.0,1.0,51.055893000000005,0.0,51.055893000000005,0.06887275614444,0.0,0.06887275614444,1.0,1.0,decomposition_quality|objective_mismatch|underweighted_critical_load,37.0
pglib_case14_adapted,qci_fit_patch,normal,BUS2_MG,,,,,,,,,,,,,,,,,,,normal_BUS14_MG-BUS1_MG-BUS2_MG,normal_BUS2_MG__from__normal_BUS14_MG-BUS1_MG-BUS2_MG.json,"[""BUS2_MG""]",66.0,0.0001,149.1735995053409,Piecewise-linear MILP baseline,26.698629959604617,5.587312896992937,0.0,1.0,1.0,52.95234,0.0,52.95234,0.1003046180090166,0.0,0.1003046180090166,1.0,1.0,decomposition_quality|objective_mismatch|underweighted_critical_load,38.0
pglib_case14_adapted,qci_fit_patch,renewable_shortfall,BUS2_MG,,,,,,,,,,,,,,,,,,,renewable_shortfall_BUS14_MG-BUS1_MG-BUS2_MG,renewable_shortfall_BUS2_MG__from__renewable_shortfall_BUS14_MG-BUS1_MG-BUS2_MG.json,"[""BUS2_MG""]",66.0,0.0001,144.3223664053409,Piecewise-linear MILP baseline,29.6492893616734,4.8676501026665875,0.0,1.0,1.0,54.0113868,0.0,54.0113868,0.1003046180090167,0.0,0.1003046180090167,1.0,1.0,decomposition_quality|objective_mismatch|underweighted_critical_load,39.0
pglib_case14_adapted,qci_fit_patch,local_generator_failure,BUS2_MG,,,,,,,,,,,,,,,,,,,local_generator_failure_BUS14_MG-BUS1_MG-BUS2_MG,local_generator_failure_BUS2_MG__from__local_generator_failure_BUS14_MG-BUS1_MG-BUS2_MG.json,"[""BUS2_MG""]",66.0,0.0001,116.4453235478409,Piecewise-linear MILP baseline,28.789977054717134,4.044648015055008,0.0,1.0,1.0,55.0704336,0.0,55.0704336,0.1003046180090166,0.0,0.1003046180090166,1.0,1.0,decomposition_quality|objective_mismatch|underweighted_critical_load,40.0
pglib_case14_adapted,qci_fit_patch,pcc_failure,BUS2_MG,,,,,,,,,,,,,,,,,,,pcc_failure_BUS14_MG-BUS1_MG-BUS2_MG,pcc_failure_BUS2_MG__from__pcc_failure_BUS14_MG-BUS1_MG-BUS2_MG.json,"[""BUS2_MG""]",66.0,0.0001,143.50974933642289,Piecewise-linear MILP baseline,29.221625485619995,4.911080302738267,0.0,1.0,1.0,55.599957,0.0,55.599957,0.1003046180090166,0.0,0.1003046180090166,1.0,1.0,decomposition_quality|objective_mismatch|underweighted_critical_load,41.0
pglib_case14_adapted,qci_fit_patch,storm_forced_islanding,BUS14_MG,,,,,,,,,,,,,,,,,,,storm_forced_islanding_BUS14_MG-BUS1_MG-BUS2_MG,storm_forced_islanding_BUS14_MG__from__storm_forced_islanding_BUS14_MG-BUS1_MG-BUS2_MG.json,"[""BUS14_MG""]",66.0,0.0001,28.05117445025948,Stress-only reserve heuristic baseline,39.88374398939284,0.7033235008659103,0.0,1.0,1.0,57.3770988,0.0,57.3770988,0.06887275614444,0.0,0.06887275614444,1.0,1.0,decomposition_quality|objective_mismatch|underweighted_critical_load,42.0
pglib_case14_adapted,qci_fit_patch,demand_surge,BUS14_MG,,,,,,,,,,,,,,,,,,,demand_surge_BUS14_MG-BUS1_MG-BUS2_MG,demand_surge_BUS14_MG__from__demand_surge_BUS14_MG-BUS1_MG-BUS2_MG.json,"[""BUS14_MG""]",66.0,0.0001,89.52938006534092,Piecewise-linear MILP baseline,36.4218738069892,2.4581211977117063,0.0,1.0,1.0,59.3816256,0.0,59.3816256,0.0688727541539389,0.0,0.0688727541539389,1.0,1.0,decomposition_quality|objective_mismatch|underweighted_critical_load,43.0
pglib_case14_adapted,qci_fit_patch,storm_forced_islanding,BUS2_MG,,,,,,,,,,,,,,,,,,,storm_forced_islanding_BUS14_MG-BUS1_MG-BUS2_MG,storm_forced_islanding_BUS2_MG__from__storm_forced_islanding_BUS14_MG-BUS1_MG-BUS2_MG.json,"[""BUS2_MG""]",66.0,0.0001,23.232533707834996,Stress-only reserve heuristic baseline,39.88374398939284,0.5825063392748117,0.0,1.0,1.0,62.48376119999999,0.0,62.48376119999999,0.1003046180090166,0.0,0.1003046180090166,1.0,1.0,decomposition_quality|objective_mismatch|underweighted_critical_load,44.0
pglib_case14_adapted,qci_fit_patch,demand_surge,BUS2_MG,,,,,,,,,,,,,,,,,,,demand_surge_BUS14_MG-BUS1_MG-BUS2_MG,demand_surge_BUS2_MG__from__demand_surge_BUS14_MG-BUS1_MG-BUS2_MG.json,"[""BUS2_MG""]",66.0,0.0001,143.8050851053409,Piecewise-linear MILP baseline,36.4218738069892,3.948316494297044,0.0,1.0,1.0,64.6666944,0.0,64.6666944,0.100304615110099,0.0,0.100304615110099,1.0,1.0,decomposition_quality|objective_mismatch|underweighted_critical_load,45.0
pglib_case14_adapted,qci_fit_patch,normal,BUS9_MG,,,,,,,,,,,,,,,,,,,normal_BUS3_MG-BUS4_MG-BUS9_MG,normal_BUS9_MG__from__normal_BUS3_MG-BUS4_MG-BUS9_MG.json,"[""BUS9_MG""]",66.0,0.0001,144.31798466534087,Piecewise-linear MILP baseline,149.43474314485417,0.9657592446586978,0.0,1.0,1.0,90.1992,0.0,90.1992,0.1363588125007369,0.0,0.1363588125007369,1.0,1.0,decomposition_quality|objective_mismatch|underweighted_critical_load,46.0
pglib_case14_adapted,qci_fit_patch,renewable_shortfall,BUS9_MG,,,,,,,,,,,,,,,,,,,renewable_shortfall_BUS3_MG-BUS4_MG-BUS9_MG,renewable_shortfall_BUS9_MG__from__renewable_shortfall_BUS3_MG-BUS4_MG-BUS9_MG.json,"[""BUS9_MG""]",66.0,0.0001,139.425639,Piecewise-linear MILP baseline,162.63404594485422,0.8572967498286077,0.0,1.0,1.0,92.003184,0.0,92.003184,0.136358812500737,0.0,0.136358812500737,1.0,1.0,decomposition_quality|objective_mismatch|underweighted_critical_load,47.0
pglib_case14_adapted,qci_fit_patch,local_generator_failure,BUS9_MG,,,,,,,,,,,,,,,,,,,local_generator_failure_BUS3_MG-BUS4_MG-BUS9_MG,local_generator_failure_BUS9_MG__from__local_generator_failure_BUS3_MG-BUS4_MG-BUS9_MG.json,"[""BUS9_MG""]",66.0,0.0001,139.98378266534093,Piecewise-linear MILP baseline,158.3451931448542,0.8840418827067504,0.0,1.0,1.0,93.807168,0.0,93.807168,0.1363588125007369,0.0,0.1363588125007369,1.0,1.0,decomposition_quality|objective_mismatch|underweighted_critical_load,48.0
pglib_case14_adapted,qci_fit_patch,pcc_failure,BUS9_MG,,,,,,,,,,,,,,,,,,,pcc_failure_BUS3_MG-BUS4_MG-BUS9_MG,pcc_failure_BUS9_MG__from__pcc_failure_BUS3_MG-BUS4_MG-BUS9_MG.json,"[""BUS9_MG""]",66.0,0.0001,142.12267975334092,Piecewise-linear MILP baseline,160.16034914485422,0.8873774346283458,0.0,1.0,1.0,94.70916000000004,0.0,94.70916000000004,0.136358812500737,0.0,0.136358812500737,1.0,1.0,decomposition_quality|objective_mismatch|underweighted_critical_load,49.0
pglib_case14_adapted,qci_fit_patch,demand_surge,BUS9_MG,,,,,,,,,,,,,,,,,,,demand_surge_BUS3_MG-BUS4_MG-BUS9_MG,demand_surge_BUS9_MG__from__demand_surge_BUS3_MG-BUS4_MG-BUS9_MG.json,"[""BUS9_MG""]",66.0,0.0001,147.5509556653409,Stress-only reserve heuristic baseline,188.322912696,0.7834997534448972,0.0,1.0,1.0,110.153472,0.0,110.153472,0.136358808559812,0.0,0.136358808559812,1.0,1.0,decomposition_quality|objective_mismatch|underweighted_critical_load,50.0
pglib_case14_adapted,qci_fit_patch,normal,BUS4_MG,,,,,,,,,,,,,,,,,,,normal_BUS3_MG-BUS4_MG-BUS9_MG,normal_BUS4_MG__from__normal_BUS3_MG-BUS4_MG-BUS9_MG.json,"[""BUS4_MG""]",66.0,0.0001,154.676234088,Piecewise-linear MILP baseline,149.43474314485417,1.0350754505467648,0.0,1.0,1.0,136.31604,0.0,136.31604,0.2209474995774652,0.0,0.2209474995774652,1.0,1.0,decomposition_quality|objective_mismatch|underweighted_critical_load,51.0
pglib_case14_adapted,qci_fit_patch,renewable_shortfall,BUS4_MG,,,,,,,,,,,,,,,,,,,renewable_shortfall_BUS3_MG-BUS4_MG-BUS9_MG,renewable_shortfall_BUS4_MG__from__renewable_shortfall_BUS3_MG-BUS4_MG-BUS9_MG.json,"[""BUS4_MG""]",66.0,0.0001,170.2770755533409,Piecewise-linear MILP baseline,162.63404594485422,1.0469952620564962,0.0,1.0,1.0,139.04236079999998,0.0,139.04236079999998,0.2209474995774653,0.0,0.2209474995774653,1.0,1.0,decomposition_quality|objective_mismatch|underweighted_critical_load,52.0
pglib_case14_adapted,qci_fit_patch,local_generator_failure,BUS4_MG,,,,,,,,,,,,,,,,,,,local_generator_failure_BUS3_MG-BUS4_MG-BUS9_MG,local_generator_failure_BUS4_MG__from__local_generator_failure_BUS3_MG-BUS4_MG-BUS9_MG.json,"[""BUS4_MG""]",66.0,0.0001,166.29124706534088,Piecewise-linear MILP baseline,158.3451931448542,1.0501818448837765,0.0,1.0,1.0,141.7686816,0.0,141.7686816,0.2209474995774653,0.0,0.2209474995774653,1.0,1.0,decomposition_quality|objective_mismatch|underweighted_critical_load,53.0
pglib_case14_adapted,qci_fit_patch,pcc_failure,BUS4_MG,,,,,,,,,,,,,,,,,,,pcc_failure_BUS3_MG-BUS4_MG-BUS9_MG,pcc_failure_BUS4_MG__from__pcc_failure_BUS3_MG-BUS4_MG-BUS9_MG.json,"[""BUS4_MG""]",66.0,0.0001,160.12232516534092,Piecewise-linear MILP baseline,160.16034914485422,0.9997625880580536,0.0,1.0,1.0,143.131842,0.0,143.131842,0.2209474995774653,0.0,0.2209474995774653,1.0,1.0,decomposition_quality|objective_mismatch|underweighted_critical_load,54.0
pglib_case14_adapted,qci_fit_patch,demand_surge,BUS4_MG,,,,,,,,,,,,,,,,,,,demand_surge_BUS3_MG-BUS4_MG-BUS9_MG,demand_surge_BUS4_MG__from__demand_surge_BUS3_MG-BUS4_MG-BUS9_MG.json,"[""BUS4_MG""]",66.0,7.626521884818495e-05,165.18843083534088,Stress-only reserve heuristic baseline,188.322912696,0.8771552461170568,0.0,1.0,1.0,166.47248639999998,0.0,166.47248639999998,0.220947493191831,0.0,0.220947493191831,1.0,1.0,decomposition_quality|objective_mismatch|underweighted_critical_load,55.0
pglib_case14_adapted,qci_fit_patch,normal,BUS3_MG,,,,,,,,,,,,,,,,,,,normal_BUS3_MG-BUS4_MG-BUS9_MG,normal_BUS3_MG__from__normal_BUS3_MG-BUS4_MG-BUS9_MG.json,"[""BUS3_MG""]",66.0,3.4685270827764116e-05,89.63690966534091,Piecewise-linear MILP baseline,149.43474314485417,0.59983982157651,0.0,1.0,1.0,249.25320000000005,0.0,249.25320000000005,0.4340008725831998,0.0,0.4340008725831998,1.0,1.0,decomposition_quality|objective_mismatch|underweighted_critical_load,56.0
pglib_case14_adapted,qci_fit_patch,renewable_shortfall,BUS3_MG,,,,,,,,,,,,,,,,,,,renewable_shortfall_BUS3_MG-BUS4_MG-BUS9_MG,renewable_shortfall_BUS3_MG__from__renewable_shortfall_BUS3_MG-BUS4_MG-BUS9_MG.json,"[""BUS3_MG""]",66.0,2.7736953207504655e-05,92.32555046534092,Piecewise-linear MILP baseline,162.63404594485422,0.5676889480856092,0.0,1.0,1.0,254.238264,0.0,254.238264,0.4354237334769297,0.0,0.4354237334769297,1.0,1.0,decomposition_quality|objective_mismatch|underweighted_critical_load,57.0
pglib_case14_adapted,qci_fit_patch,local_generator_failure,BUS3_MG,,,,,,,,,,,,,,,,,,,local_generator_failure_BUS3_MG-BUS4_MG-BUS9_MG,local_generator_failure_BUS3_MG__from__local_generator_failure_BUS3_MG-BUS4_MG-BUS9_MG.json,"[""BUS3_MG""]",66.0,3.1513016471157156e-05,95.69590766534093,Piecewise-linear MILP baseline,158.3451931448542,0.6043499380356833,0.0,1.0,1.0,259.22332800000004,0.0,259.22332800000004,0.4354237334769297,0.0,0.4354237334769297,1.0,1.0,decomposition_quality|objective_mismatch|underweighted_critical_load,58.0
pglib_case14_adapted,qci_fit_patch,pcc_failure,BUS3_MG,,,,,,,,,,,,,,,,,,,pcc_failure_BUS3_MG-BUS4_MG-BUS9_MG,pcc_failure_BUS3_MG__from__pcc_failure_BUS3_MG-BUS4_MG-BUS9_MG.json,"[""BUS3_MG""]",66.0,3.088272438605062e-05,95.3544806653409,Piecewise-linear MILP baseline,160.16034914485422,0.5953688361349613,0.0,1.0,1.0,261.71586,0.0,261.71586,0.4354237334769297,0.0,0.4354237334769297,1.0,1.0,decomposition_quality|objective_mismatch|underweighted_critical_load,59.0
pglib_case14_adapted,qci_fit_patch,demand_surge,BUS3_MG,,,,,,,,,,,,,,,,,,,demand_surge_BUS3_MG-BUS4_MG-BUS9_MG,demand_surge_BUS3_MG__from__demand_surge_BUS3_MG-BUS4_MG-BUS9_MG.json,"[""BUS3_MG""]",66.0,1.9825915339338025e-05,106.4765756653409,Stress-only reserve heuristic baseline,188.322912696,0.5653936323575272,0.0,1.0,1.0,304.394112,0.0,304.394112,0.4354237208926879,0.0,0.4354237208926879,1.0,1.0,decomposition_quality|objective_mismatch|underweighted_critical_load,60.0
pglib_case30_adapted,qci_fit_patch,storm_forced_islanding,BUS1_MG-BUS2_MG,,,,,,,,,,,,,,,,,,,storm_forced_islanding_BUS1_MG-BUS2_MG-BUS30_MG,storm_forced_islanding_BUS1_MG-BUS2_MG__from__storm_forced_islanding_BUS1_MG-BUS2_MG-BUS30_MG.json,"[""BUS1_MG"", ""BUS2_MG""]",132.0,0.0001,40.645814218079735,Stress-only reserve heuristic baseline,44.6444438029207,0.9104338805856202,1.0,1.0,0.0,0.0,0.0,0.0,1.09081682911662e-08,0.0,1.09081682911662e-08,1.0,1.0,objective_mismatch_or_cost_gap,1.0
pglib_case30_adapted,qci_fit_patch,renewable_shortfall,BUS5_MG-BUS7_MG,,,,,,,,,,,,,,,,,,,renewable_shortfall_BUS2_MG-BUS5_MG-BUS7_MG,renewable_shortfall_BUS5_MG-BUS7_MG__from__renewable_shortfall_BUS2_MG-BUS5_MG-BUS7_MG.json,"[""BUS5_MG"", ""BUS7_MG""]",132.0,2.6464831919989487e-05,139.2761108492778,Piecewise-linear MILP baseline,129.11156954485418,1.0787268045788292,1.0,1.0,0.0,0.0,0.0,0.0,0.0021393097553633,0.0,0.0021393097553633,1.0,1.0,objective_mismatch_or_cost_gap,2.0
pglib_case30_adapted,qci_fit_patch,storm_forced_islanding,BUS2_MG-BUS30_MG,,,,,,,,,,,,,,,,,,,storm_forced_islanding_BUS1_MG-BUS2_MG-BUS30_MG,storm_forced_islanding_BUS2_MG-BUS30_MG__from__storm_forced_islanding_BUS1_MG-BUS2_MG-BUS30_MG.json,"[""BUS2_MG"", ""BUS30_MG""]",132.0,0.0001,52.60930242626617,Stress-only reserve heuristic baseline,44.6444438029207,1.178406492384712,1.0,1.0,0.0,0.0,0.0,0.0,1.6531633931953745e-08,0.0,1.6531633931953745e-08,1.0,1.0,objective_mismatch_or_cost_gap,3.0
pglib_case30_adapted,qci_fit_patch,pcc_failure,BUS5_MG-BUS7_MG,,,,,,,,,,,,,,,,,,,pcc_failure_BUS2_MG-BUS5_MG-BUS7_MG,pcc_failure_BUS5_MG-BUS7_MG__from__pcc_failure_BUS2_MG-BUS5_MG-BUS7_MG.json,"[""BUS5_MG"", ""BUS7_MG""]",132.0,2.9074962263982024e-05,154.38206306641112,Piecewise-linear MILP baseline,127.75338314485418,1.208438158474158,1.0,1.0,0.0,0.0,0.0,0.0,2.2446371218209025e-07,0.0,2.2446371218209025e-07,1.0,1.0,objective_mismatch_or_cost_gap,4.0
pglib_case30_adapted,qci_fit_patch,local_generator_failure,BUS5_MG-BUS7_MG,,,,,,,,,,,,,,,,,,,local_generator_failure_BUS2_MG-BUS5_MG-BUS7_MG,local_generator_failure_BUS5_MG-BUS7_MG__from__local_generator_failure_BUS2_MG-BUS5_MG-BUS7_MG.json,"[""BUS5_MG"", ""BUS7_MG""]",132.0,2.9723606789479113e-05,154.98431783068688,DifferentialEvolutionOptimizer,124.43637288546304,1.2454904802902087,1.0,1.0,0.0,0.0,0.0,0.0,0.0,0.0,0.0,1.0,1.0,objective_mismatch_or_cost_gap,5.0
pglib_case30_adapted,qci_fit_patch,normal,BUS5_MG-BUS7_MG,,,,,,,,,,,,,,,,,,,normal_BUS2_MG-BUS5_MG-BUS7_MG,normal_BUS5_MG-BUS7_MG__from__normal_BUS2_MG-BUS5_MG-BUS7_MG.json,"[""BUS5_MG"", ""BUS7_MG""]",132.0,3.355889960680152e-05,149.12929970124728,Piecewise-linear MILP baseline,119.2129231448542,1.2509491065833698,1.0,1.0,0.0,0.0,0.0,0.0,2.398441972094927e-09,0.0,2.398441972094927e-09,1.0,1.0,objective_mismatch_or_cost_gap,6.0
pglib_case30_adapted,qci_fit_patch,pcc_failure,BUS2_MG-BUS5_MG,,,,,,,,,,,,,,,,,,,pcc_failure_BUS2_MG-BUS5_MG-BUS7_MG,pcc_failure_BUS2_MG-BUS5_MG__from__pcc_failure_BUS2_MG-BUS5_MG-BUS7_MG.json,"[""BUS2_MG"", ""BUS5_MG""]",132.0,2.9074962263982024e-05,208.90864573771285,Piecewise-linear MILP baseline,127.75338314485418,1.6352494203683055,1.0,1.0,0.0,0.0,0.0,0.0,1.5228202997428103e-10,0.0,1.5228202997428103e-10,1.0,1.0,objective_mismatch_or_cost_gap,7.0
pglib_case30_adapted,qci_fit_patch,renewable_shortfall,BUS2_MG-BUS5_MG,,,,,,,,,,,,,,,,,,,renewable_shortfall_BUS2_MG-BUS5_MG-BUS7_MG,renewable_shortfall_BUS2_MG-BUS5_MG__from__renewable_shortfall_BUS2_MG-BUS5_MG-BUS7_MG.json,"[""BUS2_MG"", ""BUS5_MG""]",132.0,2.6464831919989487e-05,247.13288875479955,Piecewise-linear MILP baseline,129.11156954485418,1.9141033574759854,1.0,1.0,0.0,0.0,0.0,0.0,0.0019089403445091,0.0,0.0019089403445091,1.0,1.0,objective_mismatch_or_cost_gap,8.0
pglib_case30_adapted,qci_fit_patch,normal,BUS2_MG-BUS5_MG,,,,,,,,,,,,,,,,,,,normal_BUS2_MG-BUS5_MG-BUS7_MG,normal_BUS2_MG-BUS5_MG__from__normal_BUS2_MG-BUS5_MG-BUS7_MG.json,"[""BUS2_MG"", ""BUS5_MG""]",132.0,3.355889960680152e-05,241.5139471048472,Piecewise-linear MILP baseline,119.2129231448542,2.025904077625766,1.0,1.0,0.0,0.0,0.0,0.0,0.0,0.0,0.0,1.0,1.0,objective_mismatch_or_cost_gap,9.0
pglib_case30_adapted,qci_fit_patch,local_generator_failure,BUS1_MG-BUS2_MG,,,,,,,,,,,,,,,,,,,local_generator_failure_BUS1_MG-BUS2_MG-BUS30_MG,local_generator_failure_BUS1_MG-BUS2_MG__from__local_generator_failure_BUS1_MG-BUS2_MG-BUS30_MG.json,"[""BUS1_MG"", ""BUS2_MG""]",132.0,0.0001,141.65722104429685,Piecewise-linear MILP baseline,22.742597982465306,6.2287176317110085,1.0,1.0,0.0,0.0,0.0,0.0,0.0,0.0,0.0,1.0,1.0,objective_mismatch_or_cost_gap,10.0
pglib_case30_adapted,qci_fit_patch,local_generator_failure,BUS2_MG-BUS30_MG,,,,,,,,,,,,,,,,,,,local_generator_failure_BUS1_MG-BUS2_MG-BUS30_MG,local_generator_failure_BUS2_MG-BUS30_MG__from__local_generator_failure_BUS1_MG-BUS2_MG-BUS30_MG.json,"[""BUS2_MG"", ""BUS30_MG""]",132.0,0.0001,158.9437653777046,Piecewise-linear MILP baseline,22.742597982465306,6.98881304151141,1.0,1.0,0.0,0.0,0.0,0.0,0.0,0.0,0.0,1.0,1.0,objective_mismatch_or_cost_gap,11.0
pglib_case30_adapted,qci_fit_patch,demand_surge,BUS2_MG-BUS30_MG,,,,,,,,,,,,,,,,,,,demand_surge_BUS1_MG-BUS2_MG-BUS30_MG,demand_surge_BUS2_MG-BUS30_MG__from__demand_surge_BUS1_MG-BUS2_MG-BUS30_MG.json,"[""BUS2_MG"", ""BUS30_MG""]",132.0,0.0001,211.21480506984747,Piecewise-linear MILP baseline,29.13783614485419,7.248815732912566,1.0,1.0,0.0,0.0,0.0,0.0,0.0,0.0,0.0,1.0,1.0,objective_mismatch_or_cost_gap,12.0
pglib_case30_adapted,qci_fit_patch,pcc_failure,BUS1_MG-BUS2_MG,,,,,,,,,,,,,,,,,,,pcc_failure_BUS1_MG-BUS2_MG-BUS30_MG,pcc_failure_BUS1_MG-BUS2_MG__from__pcc_failure_BUS1_MG-BUS2_MG-BUS30_MG.json,"[""BUS1_MG"", ""BUS2_MG""]",132.0,0.0001,183.242878831734,Piecewise-linear MILP baseline,23.291559596569464,7.867351178094713,1.0,1.0,0.0,0.0,0.0,0.0,2.208089434627075e-09,0.0,2.208089434627075e-09,1.0,1.0,objective_mismatch_or_cost_gap,13.0
pglib_case30_adapted,qci_fit_patch,pcc_failure,BUS2_MG-BUS30_MG,,,,,,,,,,,,,,,,,,,pcc_failure_BUS1_MG-BUS2_MG-BUS30_MG,pcc_failure_BUS2_MG-BUS30_MG__from__pcc_failure_BUS1_MG-BUS2_MG-BUS30_MG.json,"[""BUS2_MG"", ""BUS30_MG""]",132.0,0.0001,191.47557338195264,Piecewise-linear MILP baseline,23.291559596569464,8.220813749636347,1.0,1.0,0.0,0.0,0.0,0.0,0.0,0.0,0.0,1.0,1.0,objective_mismatch_or_cost_gap,14.0
pglib_case30_adapted,qci_fit_patch,demand_surge,BUS1_MG-BUS2_MG,,,,,,,,,,,,,,,,,,,demand_surge_BUS1_MG-BUS2_MG-BUS30_MG,demand_surge_BUS1_MG-BUS2_MG__from__demand_surge_BUS1_MG-BUS2_MG-BUS30_MG.json,"[""BUS1_MG"", ""BUS2_MG""]",132.0,0.0001,243.14482751082397,Piecewise-linear MILP baseline,29.13783614485419,8.344642556916977,1.0,1.0,0.0,0.0,0.0,0.0,0.0,0.0,0.0,1.0,1.0,objective_mismatch_or_cost_gap,15.0
pglib_case30_adapted,qci_fit_patch,renewable_shortfall,BUS1_MG-BUS2_MG,,,,,,,,,,,,,,,,,,,renewable_shortfall_BUS1_MG-BUS2_MG-BUS30_MG,renewable_shortfall_BUS1_MG-BUS2_MG__from__renewable_shortfall_BUS1_MG-BUS2_MG-BUS30_MG.json,"[""BUS1_MG"", ""BUS2_MG""]",132.0,0.0001,197.07970850395708,Piecewise-linear MILP baseline,23.486425182465293,8.391217776773225,1.0,1.0,0.0,0.0,0.0,0.0,0.0,0.0,0.0,1.0,1.0,objective_mismatch_or_cost_gap,16.0
pglib_case30_adapted,qci_fit_patch,normal,BUS1_MG-BUS2_MG,,,,,,,,,,,,,,,,,,,normal_BUS1_MG-BUS2_MG-BUS30_MG,normal_BUS1_MG-BUS2_MG__from__normal_BUS1_MG-BUS2_MG-BUS30_MG.json,"[""BUS1_MG"", ""BUS2_MG""]",132.0,0.0001,198.34445207409536,Piecewise-linear MILP baseline,21.004142382465297,9.443111195041103,1.0,1.0,0.0,0.0,0.0,0.0,0.0,0.0,0.0,1.0,1.0,objective_mismatch_or_cost_gap,17.0
pglib_case30_adapted,qci_fit_patch,renewable_shortfall,BUS2_MG-BUS30_MG,,,,,,,,,,,,,,,,,,,renewable_shortfall_BUS1_MG-BUS2_MG-BUS30_MG,renewable_shortfall_BUS2_MG-BUS30_MG__from__renewable_shortfall_BUS1_MG-BUS2_MG-BUS30_MG.json,"[""BUS2_MG"", ""BUS30_MG""]",132.0,0.0001,232.92204627164477,Piecewise-linear MILP baseline,23.486425182465293,9.917305186382379,1.0,1.0,0.0,0.0,0.0,0.0,0.0,0.0,0.0,1.0,1.0,objective_mismatch_or_cost_gap,18.0
pglib_case30_adapted,qci_fit_patch,normal,BUS2_MG-BUS30_MG,,,,,,,,,,,,,,,,,,,normal_BUS1_MG-BUS2_MG-BUS30_MG,normal_BUS2_MG-BUS30_MG__from__normal_BUS1_MG-BUS2_MG-BUS30_MG.json,"[""BUS2_MG"", ""BUS30_MG""]",132.0,0.0001,211.9569830213362,Piecewise-linear MILP baseline,21.004142382465297,10.091199115003258,1.0,1.0,0.0,0.0,0.0,0.0,0.0,0.0,0.0,1.0,1.0,objective_mismatch_or_cost_gap,19.0
pglib_case30_adapted,qci_fit_patch,local_generator_failure,BUS2_MG-BUS5_MG,,,,,,,,,,,,,,,,,,,local_generator_failure_BUS2_MG-BUS5_MG-BUS7_MG,local_generator_failure_BUS2_MG-BUS5_MG__from__local_generator_failure_BUS2_MG-BUS5_MG-BUS7_MG.json,"[""BUS2_MG"", ""BUS5_MG""]",132.0,2.9723606789479113e-05,156.02120720537965,DifferentialEvolutionOptimizer,124.43637288546304,1.2538231675154077,0.9091658432713862,1.0,0.09083415672861384,28.5486088,0.0,28.5486088,0.0629482011562212,0.0,0.0629482011562212,1.0,1.0,decomposition_quality|objective_mismatch|underweighted_critical_load,20.0
pglib_case30_adapted,qci_fit_patch,demand_surge,BUS5_MG-BUS7_MG,,,,,,,,,,,,,,,,,,,demand_surge_BUS2_MG-BUS5_MG-BUS7_MG,demand_surge_BUS5_MG-BUS7_MG__from__demand_surge_BUS2_MG-BUS5_MG-BUS7_MG.json,"[""BUS5_MG"", ""BUS7_MG""]",132.0,1.9637733918719023e-05,167.1132076,Piecewise-linear MILP baseline,145.9379206532708,1.1450979077400925,0.8908525178136392,1.0,0.10914748218636083,41.89073800000001,0.0,41.89073800000001,0.1073236091056119,0.0234257155085991,0.0838978935970128,1.0,1.0,decomposition_quality|objective_mismatch|underweighted_critical_load,21.0
pglib_case30_adapted,qci_fit_patch,demand_surge,BUS2_MG-BUS5_MG,,,,,,,,,,,,,,,,,,,demand_surge_BUS2_MG-BUS5_MG-BUS7_MG,demand_surge_BUS2_MG-BUS5_MG__from__demand_surge_BUS2_MG-BUS5_MG-BUS7_MG.json,"[""BUS2_MG"", ""BUS5_MG""]",132.0,1.9637733918719023e-05,257.0656073835631,Piecewise-linear MILP baseline,145.9379206532708,1.7614723180434848,0.8864936691364689,1.0,0.11350633086353112,41.89073800000001,0.0,41.89073800000001,0.1073487836012801,0.0234257155085991,0.08392306809268099,1.0,1.0,decomposition_quality|objective_mismatch|underweighted_critical_load,22.0
pglib_case30_adapted,qci_fit_patch,storm_forced_islanding,BUS2_MG-BUS5_MG,,,,,,,,,,,,,,,,,,,storm_forced_islanding_BUS2_MG-BUS5_MG-BUS7_MG,storm_forced_islanding_BUS2_MG-BUS5_MG__from__storm_forced_islanding_BUS2_MG-BUS5_MG-BUS7_MG.json,"[""BUS2_MG"", ""BUS5_MG""]",132.0,2.013248200057123e-05,103.55651261055304,Stress-only reserve heuristic baseline,122.3228157729514,0.8465837869753481,0.3106697222904671,0.4476763943014885,0.1370066720110214,245.816926,239.33693235324077,6.479993646759226,0.4101033912777041,0.4057130158440541,0.004390375433650007,1.0,1.0,decomposition_quality|objective_mismatch|underweighted_critical_load,23.0
pglib_case30_adapted,qci_fit_patch,storm_forced_islanding,BUS5_MG-BUS7_MG,,,,,,,,,,,,,,,,,,,storm_forced_islanding_BUS2_MG-BUS5_MG-BUS7_MG,storm_forced_islanding_BUS5_MG-BUS7_MG__from__storm_forced_islanding_BUS2_MG-BUS5_MG-BUS7_MG.json,"[""BUS5_MG"", ""BUS7_MG""]",132.0,2.013248200057123e-05,138.83135572139187,Stress-only reserve heuristic baseline,122.3228157729514,1.1349587960686147,0.269727390028768,0.4476763943014885,0.17794900427272048,270.81692599999997,239.33693235324077,31.479993646759198,0.4290428211054439,0.4057130158440541,0.02332980526138978,1.0,1.0,decomposition_quality|objective_mismatch|underweighted_critical_load,24.0
pglib_case30_adapted,qci_fit_patch,storm_forced_islanding,BUS2_MG,,,,,,,,,,,,,,,,,,,storm_forced_islanding_BUS2_MG-BUS5_MG-BUS7_MG,storm_forced_islanding_BUS2_MG__from__storm_forced_islanding_BUS2_MG-BUS5_MG-BUS7_MG.json,"[""BUS2_MG""]",66.0,0.0001,31.239147860553025,Stress-only reserve heuristic baseline,122.3228157729514,0.2553828381332992,0.0,0.4476763943014885,0.4476763943014885,62.48376119999999,239.33693235324077,-176.8531711532408,0.1020105339571414,0.4057130158440541,-0.30370248188691273,1.0,1.0,decomposition_quality|objective_mismatch|underweighted_critical_load,25.0
pglib_case30_adapted,qci_fit_patch,storm_forced_islanding,BUS7_MG,,,,,,,,,,,,,,,,,,,storm_forced_islanding_BUS2_MG-BUS5_MG-BUS7_MG,storm_forced_islanding_BUS7_MG__from__storm_forced_islanding_BUS2_MG-BUS5_MG-BUS7_MG.json,"[""BUS7_MG""]",66.0,0.0001,32.78336866374411,Stress-only reserve heuristic baseline,122.3228157729514,0.2680069818258167,0.0,0.4476763943014885,0.4476763943014885,76.7248272,239.33693235324077,-162.61210515324078,0.1071815748489781,0.4057130158440541,-0.298531440995076,1.0,1.0,decomposition_quality|objective_mismatch|underweighted_critical_load,26.0
pglib_case30_adapted,qci_fit_patch,storm_forced_islanding,BUS5_MG,,,,,,,,,,,,,,,,,,,storm_forced_islanding_BUS2_MG-BUS5_MG-BUS7_MG,storm_forced_islanding_BUS5_MG__from__storm_forced_islanding_BUS2_MG-BUS5_MG-BUS7_MG.json,"[""BUS5_MG""]",66.0,2.013248200057123e-05,73.87922175,Stress-only reserve heuristic baseline,122.3228157729514,0.6039692700267003,0.0,0.4476763943014885,0.4476763943014885,294.118776,239.33693235324077,54.781843646759256,0.4428291381918307,0.4057130158440541,0.03711612234777656,1.0,1.0,decomposition_quality|objective_mismatch|underweighted_critical_load,27.0
pglib_case30_adapted,qci_fit_patch,demand_surge,BUS5_MG,,,,,,,,,,,,,,,,,,,demand_surge_BUS2_MG-BUS5_MG-BUS7_MG,demand_surge_BUS5_MG__from__demand_surge_BUS2_MG-BUS5_MG-BUS7_MG.json,"[""BUS5_MG""]",66.0,1.9637733918719023e-05,104.7821906653409,Piecewise-linear MILP baseline,145.9379206532708,0.7179915281531901,0.0139923862916245,1.0,0.9860076137083755,300.134912,0.0,300.134912,0.4366859123012657,0.0234257155085991,0.41326019679266657,1.0,1.0,decomposition_quality|objective_mismatch|underweighted_critical_load,28.0
pglib_case30_adapted,qci_fit_patch,normal,BUS1_MG,,,,,,,,,,,,,,,,,,,normal_BUS1_MG-BUS2_MG-BUS30_MG,normal_BUS1_MG__from__normal_BUS1_MG-BUS2_MG-BUS30_MG.json,"[""BUS1_MG""]",66.0,0.0001,58.28517300540032,Piecewise-linear MILP baseline,21.004142382465297,2.774937054990544,0.0,1.0,1.0,10.553359999999998,0.0,10.553359999999998,0.0222031768163401,0.0,0.0222031768163401,1.0,1.0,decomposition_quality|objective_mismatch|underweighted_critical_load,29.0
pglib_case30_adapted,qci_fit_patch,renewable_shortfall,BUS1_MG,,,,,,,,,,,,,,,,,,,renewable_shortfall_BUS1_MG-BUS2_MG-BUS30_MG,renewable_shortfall_BUS1_MG__from__renewable_shortfall_BUS1_MG-BUS2_MG-BUS30_MG.json,"[""BUS1_MG""]",66.0,0.0001,59.201366356567,Piecewise-linear MILP baseline,23.486425182465293,2.5206631446307157,0.0,1.0,1.0,10.7644272,0.0,10.7644272,0.0222031768163401,0.0,0.0222031768163401,1.0,1.0,decomposition_quality|objective_mismatch|underweighted_critical_load,30.0
pglib_case30_adapted,qci_fit_patch,local_generator_failure,BUS1_MG,,,,,,,,,,,,,,,,,,,local_generator_failure_BUS1_MG-BUS2_MG-BUS30_MG,local_generator_failure_BUS1_MG__from__local_generator_failure_BUS1_MG-BUS2_MG-BUS30_MG.json,"[""BUS1_MG""]",66.0,0.0001,58.963106935161434,Piecewise-linear MILP baseline,22.742597982465306,2.592628466660774,0.0,1.0,1.0,10.9754944,0.0,10.9754944,0.0222031768163401,0.0,0.0222031768163401,1.0,1.0,decomposition_quality|objective_mismatch|underweighted_critical_load,31.0
pglib_case30_adapted,qci_fit_patch,pcc_failure,BUS1_MG,,,,,,,,,,,,,,,,,,,pcc_failure_BUS1_MG-BUS2_MG-BUS30_MG,pcc_failure_BUS1_MG__from__pcc_failure_BUS1_MG-BUS2_MG-BUS30_MG.json,"[""BUS1_MG""]",66.0,0.0001,9.059944544134948,Piecewise-linear MILP baseline,23.291559596569464,0.3889797291835003,0.0,1.0,1.0,11.081028000000002,0.0,11.081028000000002,0.0222031768163401,0.0,0.0222031768163401,1.0,1.0,decomposition_quality|objective_mismatch|underweighted_critical_load,32.0
pglib_case30_adapted,qci_fit_patch,storm_forced_islanding,BUS1_MG,,,,,,,,,,,,,,,,,,,storm_forced_islanding_BUS1_MG-BUS2_MG-BUS30_MG,storm_forced_islanding_BUS1_MG__from__storm_forced_islanding_BUS1_MG-BUS2_MG-BUS30_MG.json,"[""BUS1_MG""]",66.0,0.0001,9.406666357526698,Stress-only reserve heuristic baseline,44.6444438029207,0.21070183781551113,0.0,1.0,1.0,12.452964799999998,0.0,12.452964799999998,0.0222031768163401,0.0,0.0222031768163401,1.0,1.0,decomposition_quality|objective_mismatch|underweighted_critical_load,33.0
pglib_case30_adapted,qci_fit_patch,demand_surge,BUS1_MG,,,,,,,,,,,,,,,,,,,demand_surge_BUS1_MG-BUS2_MG-BUS30_MG,demand_surge_BUS1_MG__from__demand_surge_BUS1_MG-BUS2_MG-BUS30_MG.json,"[""BUS1_MG""]",66.0,0.0001,59.41095480120727,Piecewise-linear MILP baseline,29.13783614485419,2.038962485266751,0.0,1.0,1.0,12.8879888,0.0,12.8879888,0.022203121426402,0.0,0.022203121426402,1.0,1.0,decomposition_quality|objective_mismatch|underweighted_critical_load,34.0
pglib_case30_adapted,qci_fit_patch,normal,BUS30_MG,,,,,,,,,,,,,,,,,,,normal_BUS1_MG-BUS2_MG-BUS30_MG,normal_BUS30_MG__from__normal_BUS1_MG-BUS2_MG-BUS30_MG.json,"[""BUS30_MG""]",66.0,0.0001,81.43831466534091,Piecewise-linear MILP baseline,21.004142382465297,3.877250172010229,0.0,1.0,1.0,25.86612,0.0,25.86612,0.0498300304122442,0.0,0.0498300304122442,1.0,1.0,decomposition_quality|objective_mismatch|underweighted_critical_load,35.0
pglib_case30_adapted,qci_fit_patch,renewable_shortfall,BUS30_MG,,,,,,,,,,,,,,,,,,,renewable_shortfall_BUS1_MG-BUS2_MG-BUS30_MG,renewable_shortfall_BUS30_MG__from__renewable_shortfall_BUS1_MG-BUS2_MG-BUS30_MG.json,"[""BUS30_MG""]",66.0,0.0001,82.0653200653409,Piecewise-linear MILP baseline,23.486425182465293,3.494159687043815,0.0,1.0,1.0,26.3834424,0.0,26.3834424,0.0498300304122442,0.0,0.0498300304122442,1.0,1.0,decomposition_quality|objective_mismatch|underweighted_critical_load,36.0
pglib_case30_adapted,qci_fit_patch,local_generator_failure,BUS30_MG,,,,,,,,,,,,,,,,,,,local_generator_failure_BUS1_MG-BUS2_MG-BUS30_MG,local_generator_failure_BUS30_MG__from__local_generator_failure_BUS1_MG-BUS2_MG-BUS30_MG.json,"[""BUS30_MG""]",66.0,0.0001,81.7827818653409,Piecewise-linear MILP baseline,22.742597982465306,3.5960175670517485,0.0,1.0,1.0,26.900764799999997,0.0,26.900764799999997,0.0498300304122442,0.0,0.0498300304122442,1.0,1.0,decomposition_quality|objective_mismatch|underweighted_critical_load,37.0
pglib_case30_adapted,qci_fit_patch,pcc_failure,BUS30_MG,,,,,,,,,,,,,,,,,,,pcc_failure_BUS1_MG-BUS2_MG-BUS30_MG,pcc_failure_BUS30_MG__from__pcc_failure_BUS1_MG-BUS2_MG-BUS30_MG.json,"[""BUS30_MG""]",66.0,0.0001,81.8474471653409,Piecewise-linear MILP baseline,23.291559596569464,3.5140389301108,0.0,1.0,1.0,27.159425999999996,0.0,27.159425999999996,0.0498300304122441,0.0,0.0498300304122441,1.0,1.0,decomposition_quality|objective_mismatch|underweighted_critical_load,38.0
pglib_case30_adapted,qci_fit_patch,storm_forced_islanding,BUS30_MG,,,,,,,,,,,,,,,,,,,storm_forced_islanding_BUS1_MG-BUS2_MG-BUS30_MG,storm_forced_islanding_BUS30_MG__from__storm_forced_islanding_BUS1_MG-BUS2_MG-BUS30_MG.json,"[""BUS30_MG""]",66.0,0.0001,21.370154565713136,Stress-only reserve heuristic baseline,44.6444438029207,0.4786744496146029,0.0,1.0,1.0,30.522021599999995,0.0,30.522021599999995,0.0498300304122442,0.0,0.0498300304122442,1.0,1.0,decomposition_quality|objective_mismatch|underweighted_critical_load,39.0
pglib_case30_adapted,qci_fit_patch,demand_surge,BUS30_MG,,,,,,,,,,,,,,,,,,,demand_surge_BUS1_MG-BUS2_MG-BUS30_MG,demand_surge_BUS30_MG__from__demand_surge_BUS1_MG-BUS2_MG-BUS30_MG.json,"[""BUS30_MG""]",66.0,0.0001,82.91177246534092,Piecewise-linear MILP baseline,29.13783614485419,2.84550204940264,0.0,1.0,1.0,31.5883392,0.0,31.5883392,0.0498300332350006,0.0,0.0498300332350006,1.0,1.0,decomposition_quality|objective_mismatch|underweighted_critical_load,40.0
pglib_case30_adapted,qci_fit_patch,normal,BUS12_MG,,,,,,,,,,,,,,,,,,,normal_BUS12_MG,normal_BUS12_MG__from__normal_BUS12_MG.json,"[""BUS12_MG""]",66.0,0.0001,104.05804466534086,Piecewise-linear MILP baseline,5.442361048284731,19.120018635686957,0.0,1.0,1.0,36.55008,0.0,36.55008,0.0526505981714278,0.0,0.0526505981714278,1.0,1.0,decomposition_quality|objective_mismatch|underweighted_critical_load,41.0
pglib_case30_adapted,qci_fit_patch,renewable_shortfall,BUS12_MG,,,,,,,,,,,,,,,,,,,renewable_shortfall_BUS12_MG,renewable_shortfall_BUS12_MG__from__renewable_shortfall_BUS12_MG.json,"[""BUS12_MG""]",66.0,0.0001,104.94695666534088,Piecewise-linear MILP baseline,6.3856042482847295,16.43492966128166,0.0,1.0,1.0,37.2810816,0.0,37.2810816,0.0526505981714278,0.0,0.0526505981714278,1.0,1.0,decomposition_quality|objective_mismatch|underweighted_critical_load,42.0
pglib_case30_adapted,qci_fit_patch,local_generator_failure,BUS12_MG,,,,,,,,,,,,,,,,,,,local_generator_failure_BUS12_MG,local_generator_failure_BUS12_MG__from__local_generator_failure_BUS12_MG.json,"[""BUS12_MG""]",66.0,0.0001,105.15093746534087,Piecewise-linear MILP baseline,6.03827624828473,17.414065395767658,0.0,1.0,1.0,38.01208320000001,0.0,38.01208320000001,0.0526505981714278,0.0,0.0526505981714278,1.0,1.0,decomposition_quality|objective_mismatch|underweighted_critical_load,43.0
pglib_case30_adapted,qci_fit_patch,pcc_failure,BUS12_MG,,,,,,,,,,,,,,,,,,,pcc_failure_BUS12_MG,pcc_failure_BUS12_MG__from__pcc_failure_BUS12_MG.json,"[""BUS12_MG""]",66.0,0.0001,104.63667266534088,Piecewise-linear MILP baseline,6.156817048284731,16.99525450321645,0.0,1.0,1.0,38.377584,0.0,38.377584,0.0526505981714278,0.0,0.0526505981714278,1.0,1.0,decomposition_quality|objective_mismatch|underweighted_critical_load,44.0
pglib_case30_adapted,qci_fit_patch,storm_forced_islanding,BUS12_MG,,,,,,,,,,,,,,,,,,,storm_forced_islanding_BUS12_MG,storm_forced_islanding_BUS12_MG__from__storm_forced_islanding_BUS12_MG.json,"[""BUS12_MG""]",66.0,0.0001,24.488139044893508,Stress-only reserve heuristic baseline,17.995425186689197,1.360798024544973,0.0,1.0,1.0,43.1290944,0.0,43.1290944,0.0526505981714278,0.0,0.0526505981714278,1.0,1.0,decomposition_quality|objective_mismatch|underweighted_critical_load,45.0
pglib_case30_adapted,qci_fit_patch,demand_surge,BUS12_MG,,,,,,,,,,,,,,,,,,,demand_surge_BUS12_MG,demand_surge_BUS12_MG__from__demand_surge_BUS12_MG.json,"[""BUS12_MG""]",66.0,0.0001,106.1403638653409,Piecewise-linear MILP baseline,8.12564984828473,13.06238465194835,0.0,1.0,1.0,44.63585280000001,0.0,44.63585280000001,0.0526506011539629,0.0,0.0526506011539629,1.0,1.0,decomposition_quality|objective_mismatch|underweighted_critical_load,46.0
pglib_case30_adapted,qci_fit_patch,normal,BUS2_MG,,,,,,,,,,,,,,,,,,,normal_BUS2_MG-BUS5_MG-BUS7_MG,normal_BUS2_MG__from__normal_BUS2_MG-BUS5_MG-BUS7_MG.json,"[""BUS2_MG""]",66.0,0.0001,288.72086754168595,Piecewise-linear MILP baseline,119.2129231448542,2.4218923580194796,0.0,1.0,1.0,52.95234,0.0,52.95234,0.1020105339571414,0.0,0.1020105339571414,1.0,1.0,decomposition_quality|objective_mismatch|underweighted_critical_load,47.0
pglib_case30_adapted,qci_fit_patch,normal,BUS2_MG,,,,,,,,,,,,,,,,,,,normal_BUS1_MG-BUS2_MG-BUS30_MG,normal_BUS2_MG__from__normal_BUS1_MG-BUS2_MG-BUS30_MG.json,"[""BUS2_MG""]",66.0,0.0001,283.4980122703761,Piecewise-linear MILP baseline,21.004142382465297,13.49724292990159,0.0,1.0,1.0,52.95234,0.0,52.95234,0.1020105339571414,0.0,0.1020105339571414,1.0,1.0,decomposition_quality|objective_mismatch|underweighted_critical_load,48.0
pglib_case30_adapted,qci_fit_patch,renewable_shortfall,BUS2_MG,,,,,,,,,,,,,,,,,,,renewable_shortfall_BUS2_MG-BUS5_MG-BUS7_MG,renewable_shortfall_BUS2_MG__from__renewable_shortfall_BUS2_MG-BUS5_MG-BUS7_MG.json,"[""BUS2_MG""]",66.0,0.0001,289.38759393455433,Piecewise-linear MILP baseline,129.11156954485418,2.241376159818267,0.0,1.0,1.0,54.0113868,0.0,54.0113868,0.1020105339571414,0.0,0.1020105339571414,1.0,1.0,decomposition_quality|objective_mismatch|underweighted_critical_load,49.0
pglib_case30_adapted,qci_fit_patch,renewable_shortfall,BUS2_MG,,,,,,,,,,,,,,,,,,,renewable_shortfall_BUS1_MG-BUS2_MG-BUS30_MG,renewable_shortfall_BUS2_MG__from__renewable_shortfall_BUS1_MG-BUS2_MG-BUS30_MG.json,"[""BUS2_MG""]",66.0,0.0001,293.9600520495982,Piecewise-linear MILP baseline,23.486425182465293,12.516168372403712,0.0,1.0,1.0,54.0113868,0.0,54.0113868,0.1020105339571414,0.0,0.1020105339571414,1.0,1.0,decomposition_quality|objective_mismatch|underweighted_critical_load,50.0
pglib_case30_adapted,qci_fit_patch,local_generator_failure,BUS2_MG,,,,,,,,,,,,,,,,,,,local_generator_failure_BUS2_MG-BUS5_MG-BUS7_MG,local_generator_failure_BUS2_MG__from__local_generator_failure_BUS2_MG-BUS5_MG-BUS7_MG.json,"[""BUS2_MG""]",66.0,0.0001,139.66195249196173,DifferentialEvolutionOptimizer,124.43637288546304,1.122356343675438,0.0,1.0,1.0,55.0704336,0.0,55.0704336,0.1020105339571414,0.0,0.1020105339571414,1.0,1.0,decomposition_quality|objective_mismatch|underweighted_critical_load,51.0
pglib_case30_adapted,qci_fit_patch,local_generator_failure,BUS2_MG,,,,,,,,,,,,,,,,,,,local_generator_failure_BUS1_MG-BUS2_MG-BUS30_MG,local_generator_failure_BUS2_MG__from__local_generator_failure_BUS1_MG-BUS2_MG-BUS30_MG.json,"[""BUS2_MG""]",66.0,0.0001,158.64498674984745,Piecewise-linear MILP baseline,22.742597982465306,6.975675640582654,0.0,1.0,1.0,55.0704336,0.0,55.0704336,0.1020105339571414,0.0,0.1020105339571414,1.0,1.0,decomposition_quality|objective_mismatch|underweighted_critical_load,52.0
pglib_case30_adapted,qci_fit_patch,pcc_failure,BUS2_MG,,,,,,,,,,,,,,,,,,,pcc_failure_BUS2_MG-BUS5_MG-BUS7_MG,pcc_failure_BUS2_MG__from__pcc_failure_BUS2_MG-BUS5_MG-BUS7_MG.json,"[""BUS2_MG""]",66.0,0.0001,295.95176459630676,Piecewise-linear MILP baseline,127.75338314485418,2.316586514665835,0.0,1.0,1.0,55.599957,0.0,55.599957,0.1020105339571414,0.0,0.1020105339571414,1.0,1.0,decomposition_quality|objective_mismatch|underweighted_critical_load,53.0
pglib_case30_adapted,qci_fit_patch,pcc_failure,BUS2_MG,,,,,,,,,,,,,,,,,,,pcc_failure_BUS1_MG-BUS2_MG-BUS30_MG,pcc_failure_BUS2_MG__from__pcc_failure_BUS1_MG-BUS2_MG-BUS30_MG.json,"[""BUS2_MG""]",66.0,0.0001,275.7996702852593,Piecewise-linear MILP baseline,23.291559596569464,11.841185178766686,0.0,1.0,1.0,55.599957,0.0,55.599957,0.1020105339571414,0.0,0.1020105339571414,1.0,1.0,decomposition_quality|objective_mismatch|underweighted_critical_load,54.0
pglib_case30_adapted,qci_fit_patch,storm_forced_islanding,BUS2_MG,,,,,,,,,,,,,,,,,,,storm_forced_islanding_BUS1_MG-BUS2_MG-BUS30_MG,storm_forced_islanding_BUS2_MG__from__storm_forced_islanding_BUS1_MG-BUS2_MG-BUS30_MG.json,"[""BUS2_MG""]",66.0,0.0001,31.239147860553025,Stress-only reserve heuristic baseline,44.6444438029207,0.6997320427701088,0.0,1.0,1.0,62.48376119999999,0.0,62.48376119999999,0.1020105339571414,0.0,0.1020105339571414,1.0,1.0,decomposition_quality|objective_mismatch|underweighted_critical_load,55.0
pglib_case30_adapted,qci_fit_patch,demand_surge,BUS2_MG,,,,,,,,,,,,,,,,,,,demand_surge_BUS2_MG-BUS5_MG-BUS7_MG,demand_surge_BUS2_MG__from__demand_surge_BUS2_MG-BUS5_MG-BUS7_MG.json,"[""BUS2_MG""]",66.0,0.0001,303.62671389197845,Piecewise-linear MILP baseline,145.9379206532708,2.0805196657101575,0.0,1.0,1.0,64.6666944,0.0,64.6666944,0.1020105397358032,0.0234257155085991,0.07858482422720409,1.0,1.0,decomposition_quality|objective_mismatch|underweighted_critical_load,56.0
pglib_case30_adapted,qci_fit_patch,demand_surge,BUS2_MG,,,,,,,,,,,,,,,,,,,demand_surge_BUS1_MG-BUS2_MG-BUS30_MG,demand_surge_BUS2_MG__from__demand_surge_BUS1_MG-BUS2_MG-BUS30_MG.json,"[""BUS2_MG""]",66.0,0.0001,301.84718475266607,Piecewise-linear MILP baseline,29.13783614485419,10.359286230181269,0.0,1.0,1.0,64.6666944,0.0,64.6666944,0.1020105397358032,0.0,0.1020105397358032,1.0,1.0,decomposition_quality|objective_mismatch|underweighted_critical_load,57.0
pglib_case30_adapted,qci_fit_patch,normal,BUS7_MG,,,,,,,,,,,,,,,,,,,normal_BUS2_MG-BUS5_MG-BUS7_MG,normal_BUS7_MG__from__normal_BUS2_MG-BUS5_MG-BUS7_MG.json,"[""BUS7_MG""]",66.0,0.0001,94.12198466534088,Piecewise-linear MILP baseline,119.2129231448542,0.7895283680861879,0.0,1.0,1.0,65.02104,0.0,65.02104,0.1071815748489781,0.0,0.1071815748489781,1.0,1.0,decomposition_quality|objective_mismatch|underweighted_critical_load,58.0
pglib_case30_adapted,qci_fit_patch,renewable_shortfall,BUS7_MG,,,,,,,,,,,,,,,,,,,renewable_shortfall_BUS2_MG-BUS5_MG-BUS7_MG,renewable_shortfall_BUS7_MG__from__renewable_shortfall_BUS2_MG-BUS5_MG-BUS7_MG.json,"[""BUS7_MG""]",66.0,0.0001,95.79301466534088,Piecewise-linear MILP baseline,129.11156954485418,0.7419398199791986,0.0,1.0,1.0,66.32146080000001,0.0,66.32146080000001,0.1071815748489781,0.0,0.1071815748489781,1.0,1.0,decomposition_quality|objective_mismatch|underweighted_critical_load,59.0
pglib_case30_adapted,qci_fit_patch,local_generator_failure,BUS7_MG,,,,,,,,,,,,,,,,,,,local_generator_failure_BUS2_MG-BUS5_MG-BUS7_MG,local_generator_failure_BUS7_MG__from__local_generator_failure_BUS2_MG-BUS5_MG-BUS7_MG.json,"[""BUS7_MG""]",66.0,0.0001,95.0042510653409,DifferentialEvolutionOptimizer,124.43637288546304,0.7634765371439038,0.0,1.0,1.0,67.6218816,0.0,67.6218816,0.1071815748489781,0.0,0.1071815748489781,1.0,1.0,decomposition_quality|objective_mismatch|underweighted_critical_load,60.0
pglib_case30_adapted,qci_fit_patch,pcc_failure,BUS7_MG,,,,,,,,,,,,,,,,,,,pcc_failure_BUS2_MG-BUS5_MG-BUS7_MG,pcc_failure_BUS7_MG__from__pcc_failure_BUS2_MG-BUS5_MG-BUS7_MG.json,"[""BUS7_MG""]",66.0,0.0001,95.1668036653409,Piecewise-linear MILP baseline,127.75338314485418,0.7449258980283541,0.0,1.0,1.0,68.272092,0.0,68.272092,0.107181574848978,0.0,0.107181574848978,1.0,1.0,decomposition_quality|objective_mismatch|underweighted_critical_load,61.0
pglib_case30_adapted,qci_fit_patch,demand_surge,BUS7_MG,,,,,,,,,,,,,,,,,,,demand_surge_BUS2_MG-BUS5_MG-BUS7_MG,demand_surge_BUS7_MG__from__demand_surge_BUS2_MG-BUS5_MG-BUS7_MG.json,"[""BUS7_MG""]",66.0,0.0001,97.83407426534087,Piecewise-linear MILP baseline,145.9379206532708,0.6703814459422216,0.0,1.0,1.0,79.4052864,0.0,79.4052864,0.1071815809205674,0.0234257155085991,0.0837558654119683,1.0,1.0,decomposition_quality|objective_mismatch|underweighted_critical_load,62.0
pglib_case30_adapted,qci_fit_patch,normal,BUS5_MG,,,,,,,,,,,,,,,,,,,normal_BUS2_MG-BUS5_MG-BUS7_MG,normal_BUS5_MG__from__normal_BUS2_MG-BUS5_MG-BUS7_MG.json,"[""BUS5_MG""]",66.0,3.355889960680152e-05,90.61565966534091,Piecewise-linear MILP baseline,119.2129231448542,0.7601160786505915,0.0,1.0,1.0,249.25320000000005,0.0,249.25320000000005,0.4397252344876768,0.0,0.4397252344876768,1.0,1.0,decomposition_quality|objective_mismatch|underweighted_critical_load,63.0
pglib_case30_adapted,qci_fit_patch,renewable_shortfall,BUS5_MG,,,,,,,,,,,,,,,,,,,renewable_shortfall_BUS2_MG-BUS5_MG-BUS7_MG,renewable_shortfall_BUS5_MG__from__renewable_shortfall_BUS2_MG-BUS5_MG-BUS7_MG.json,"[""BUS5_MG""]",66.0,2.6464831919989487e-05,96.60688046534092,Piecewise-linear MILP baseline,129.11156954485418,0.7482434053423778,0.0,1.0,1.0,254.238264,0.0,254.238264,0.4428291381918307,0.0,0.4428291381918307,1.0,1.0,decomposition_quality|objective_mismatch|underweighted_critical_load,64.0
pglib_case30_adapted,qci_fit_patch,local_generator_failure,BUS5_MG,,,,,,,,,,,,,,,,,,,local_generator_failure_BUS2_MG-BUS5_MG-BUS7_MG,local_generator_failure_BUS5_MG__from__local_generator_failure_BUS2_MG-BUS5_MG-BUS7_MG.json,"[""BUS5_MG""]",66.0,2.9723606789479113e-05,92.69464766534092,DifferentialEvolutionOptimizer,124.43637288546304,0.7449160202592962,0.0,1.0,1.0,259.22332800000004,0.0,259.22332800000004,0.4428291381918307,0.0,0.4428291381918307,1.0,1.0,decomposition_quality|objective_mismatch|underweighted_critical_load,65.0
pglib_case30_adapted,qci_fit_patch,pcc_failure,BUS5_MG,,,,,,,,,,,,,,,,,,,pcc_failure_BUS2_MG-BUS5_MG-BUS7_MG,pcc_failure_BUS5_MG__from__pcc_failure_BUS2_MG-BUS5_MG-BUS7_MG.json,"[""BUS5_MG""]",66.0,2.9074962263982024e-05,94.8157706653409,Piecewise-linear MILP baseline,127.75338314485418,0.7421781586624073,0.0,1.0,1.0,261.71586,0.0,261.71586,0.4428291381918305,0.0,0.4428291381918305,1.0,1.0,decomposition_quality|objective_mismatch|underweighted_critical_load,66.0
