coefficient_scaling_factor,decomposition_rule,degree,horizon,patch_ids,payload_name,payload_path,reason_qci_executable,scenario,source_benchmark_name,source_full_payload_id,source_full_payload_path,term_count,variable_count
0.0001,"source variables=198; selected rolling patch ['BUS14_MG', 'BUS1_MG'] at horizon 6 under max_variables=132, max_degree=3",3,6,"[""BUS14_MG"", ""BUS1_MG""]",pcc_failure_BUS14_MG-BUS1_MG__from__pcc_failure_BUS14_MG-BUS1_MG-BUS2_MG.json,results/phase3/public_benchmarks/pglib_case14_ieee/qci_fit_payloads/pcc_failure_BUS14_MG-BUS1_MG__from__pcc_failure_BUS14_MG-BUS1_MG-BUS2_MG.json,QCi executable because variable_count=132 <= 132 and degree=3 <= 3.,pcc_failure,pglib_case14_ieee,pcc_failure_BUS14_MG-BUS1_MG-BUS2_MG,results/phase3/public_benchmarks/pglib_case14_ieee/qci_payloads/pcc_failure_BUS14_MG-BUS1_MG-BUS2_MG.json,828,132
0.0001,"source variables=198; selected rolling patch ['BUS1_MG', 'BUS2_MG'] at horizon 6 under max_variables=132, max_degree=3",3,6,"[""BUS1_MG"", ""BUS2_MG""]",pcc_failure_BUS1_MG-BUS2_MG__from__pcc_failure_BUS14_MG-BUS1_MG-BUS2_MG.json,results/phase3/public_benchmarks/pglib_case14_ieee/qci_fit_payloads/pcc_failure_BUS1_MG-BUS2_MG__from__pcc_failure_BUS14_MG-BUS1_MG-BUS2_MG.json,QCi executable because variable_count=132 <= 132 and degree=3 <= 3.,pcc_failure,pglib_case14_ieee,pcc_failure_BUS14_MG-BUS1_MG-BUS2_MG,results/phase3/public_benchmarks/pglib_case14_ieee/qci_payloads/pcc_failure_BUS14_MG-BUS1_MG-BUS2_MG.json,828,132
0.0001,"source variables=198; selected rolling patch ['BUS14_MG'] at horizon 6 under max_variables=132, max_degree=3",3,6,"[""BUS14_MG""]",pcc_failure_BUS14_MG__from__pcc_failure_BUS14_MG-BUS1_MG-BUS2_MG.json,results/phase3/public_benchmarks/pglib_case14_ieee/qci_fit_payloads/pcc_failure_BUS14_MG__from__pcc_failure_BUS14_MG-BUS1_MG-BUS2_MG.json,QCi executable because variable_count=66 <= 132 and degree=3 <= 3.,pcc_failure,pglib_case14_ieee,pcc_failure_BUS14_MG-BUS1_MG-BUS2_MG,results/phase3/public_benchmarks/pglib_case14_ieee/qci_payloads/pcc_failure_BUS14_MG-BUS1_MG-BUS2_MG.json,408,66
0.0001,"source variables=198; selected rolling patch ['BUS1_MG'] at horizon 6 under max_variables=132, max_degree=3",3,6,"[""BUS1_MG""]",pcc_failure_BUS1_MG__from__pcc_failure_BUS14_MG-BUS1_MG-BUS2_MG.json,results/phase3/public_benchmarks/pglib_case14_ieee/qci_fit_payloads/pcc_failure_BUS1_MG__from__pcc_failure_BUS14_MG-BUS1_MG-BUS2_MG.json,QCi executable because variable_count=66 <= 132 and degree=3 <= 3.,pcc_failure,pglib_case14_ieee,pcc_failure_BUS14_MG-BUS1_MG-BUS2_MG,results/phase3/public_benchmarks/pglib_case14_ieee/qci_payloads/pcc_failure_BUS14_MG-BUS1_MG-BUS2_MG.json,420,66
0.0001,"source variables=198; selected rolling patch ['BUS2_MG'] at horizon 6 under max_variables=132, max_degree=3",3,6,"[""BUS2_MG""]",pcc_failure_BUS2_MG__from__pcc_failure_BUS14_MG-BUS1_MG-BUS2_MG.json,results/phase3/public_benchmarks/pglib_case14_ieee/qci_fit_payloads/pcc_failure_BUS2_MG__from__pcc_failure_BUS14_MG-BUS1_MG-BUS2_MG.json,QCi executable because variable_count=66 <= 132 and degree=3 <= 3.,pcc_failure,pglib_case14_ieee,pcc_failure_BUS14_MG-BUS1_MG-BUS2_MG,results/phase3/public_benchmarks/pglib_case14_ieee/qci_payloads/pcc_failure_BUS14_MG-BUS1_MG-BUS2_MG.json,408,66
3.088272438605062e-05,"source variables=198; selected rolling patch ['BUS3_MG', 'BUS4_MG'] at horizon 6 under max_variables=132, max_degree=3",3,6,"[""BUS3_MG"", ""BUS4_MG""]",pcc_failure_BUS3_MG-BUS4_MG__from__pcc_failure_BUS3_MG-BUS4_MG-BUS9_MG.json,results/phase3/public_benchmarks/pglib_case14_ieee/qci_fit_payloads/pcc_failure_BUS3_MG-BUS4_MG__from__pcc_failure_BUS3_MG-BUS4_MG-BUS9_MG.json,QCi executable because variable_count=132 <= 132 and degree=3 <= 3.,pcc_failure,pglib_case14_ieee,pcc_failure_BUS3_MG-BUS4_MG-BUS9_MG,results/phase3/public_benchmarks/pglib_case14_ieee/qci_payloads/pcc_failure_BUS3_MG-BUS4_MG-BUS9_MG.json,816,132
0.0001,"source variables=198; selected rolling patch ['BUS4_MG', 'BUS9_MG'] at horizon 6 under max_variables=132, max_degree=3",3,6,"[""BUS4_MG"", ""BUS9_MG""]",pcc_failure_BUS4_MG-BUS9_MG__from__pcc_failure_BUS3_MG-BUS4_MG-BUS9_MG.json,results/phase3/public_benchmarks/pglib_case14_ieee/qci_fit_payloads/pcc_failure_BUS4_MG-BUS9_MG__from__pcc_failure_BUS3_MG-BUS4_MG-BUS9_MG.json,QCi executable because variable_count=132 <= 132 and degree=3 <= 3.,pcc_failure,pglib_case14_ieee,pcc_failure_BUS3_MG-BUS4_MG-BUS9_MG,results/phase3/public_benchmarks/pglib_case14_ieee/qci_payloads/pcc_failure_BUS3_MG-BUS4_MG-BUS9_MG.json,816,132
3.088272438605062e-05,"source variables=198; selected rolling patch ['BUS3_MG'] at horizon 6 under max_variables=132, max_degree=3",3,6,"[""BUS3_MG""]",pcc_failure_BUS3_MG__from__pcc_failure_BUS3_MG-BUS4_MG-BUS9_MG.json,results/phase3/public_benchmarks/pglib_case14_ieee/qci_fit_payloads/pcc_failure_BUS3_MG__from__pcc_failure_BUS3_MG-BUS4_MG-BUS9_MG.json,QCi executable because variable_count=66 <= 132 and degree=3 <= 3.,pcc_failure,pglib_case14_ieee,pcc_failure_BUS3_MG-BUS4_MG-BUS9_MG,results/phase3/public_benchmarks/pglib_case14_ieee/qci_payloads/pcc_failure_BUS3_MG-BUS4_MG-BUS9_MG.json,408,66
0.0001,"source variables=198; selected rolling patch ['BUS4_MG'] at horizon 6 under max_variables=132, max_degree=3",3,6,"[""BUS4_MG""]",pcc_failure_BUS4_MG__from__pcc_failure_BUS3_MG-BUS4_MG-BUS9_MG.json,results/phase3/public_benchmarks/pglib_case14_ieee/qci_fit_payloads/pcc_failure_BUS4_MG__from__pcc_failure_BUS3_MG-BUS4_MG-BUS9_MG.json,QCi executable because variable_count=66 <= 132 and degree=3 <= 3.,pcc_failure,pglib_case14_ieee,pcc_failure_BUS3_MG-BUS4_MG-BUS9_MG,results/phase3/public_benchmarks/pglib_case14_ieee/qci_payloads/pcc_failure_BUS3_MG-BUS4_MG-BUS9_MG.json,408,66
0.0001,"source variables=198; selected rolling patch ['BUS9_MG'] at horizon 6 under max_variables=132, max_degree=3",3,6,"[""BUS9_MG""]",pcc_failure_BUS9_MG__from__pcc_failure_BUS3_MG-BUS4_MG-BUS9_MG.json,results/phase3/public_benchmarks/pglib_case14_ieee/qci_fit_payloads/pcc_failure_BUS9_MG__from__pcc_failure_BUS3_MG-BUS4_MG-BUS9_MG.json,QCi executable because variable_count=66 <= 132 and degree=3 <= 3.,pcc_failure,pglib_case14_ieee,pcc_failure_BUS3_MG-BUS4_MG-BUS9_MG,results/phase3/public_benchmarks/pglib_case14_ieee/qci_payloads/pcc_failure_BUS3_MG-BUS4_MG-BUS9_MG.json,408,66
0.0001,"source variables=198; selected rolling patch ['BUS14_MG', 'BUS1_MG'] at horizon 6 under max_variables=132, max_degree=3",3,6,"[""BUS14_MG"", ""BUS1_MG""]",storm_forced_islanding_BUS14_MG-BUS1_MG__from__storm_forced_islanding_BUS14_MG-BUS1_MG-BUS2_MG.json,results/phase3/public_benchmarks/pglib_case14_ieee/qci_fit_payloads/storm_forced_islanding_BUS14_MG-BUS1_MG__from__storm_forced_islanding_BUS14_MG-BUS1_MG-BUS2_MG.json,QCi executable because variable_count=132 <= 132 and degree=3 <= 3.,storm_forced_islanding,pglib_case14_ieee,storm_forced_islanding_BUS14_MG-BUS1_MG-BUS2_MG,results/phase3/public_benchmarks/pglib_case14_ieee/qci_payloads/storm_forced_islanding_BUS14_MG-BUS1_MG-BUS2_MG.json,840,132
0.0001,"source variables=198; selected rolling patch ['BUS1_MG', 'BUS2_MG'] at horizon 6 under max_variables=132, max_degree=3",3,6,"[""BUS1_MG"", ""BUS2_MG""]",storm_forced_islanding_BUS1_MG-BUS2_MG__from__storm_forced_islanding_BUS14_MG-BUS1_MG-BUS2_MG.json,results/phase3/public_benchmarks/pglib_case14_ieee/qci_fit_payloads/storm_forced_islanding_BUS1_MG-BUS2_MG__from__storm_forced_islanding_BUS14_MG-BUS1_MG-BUS2_MG.json,QCi executable because variable_count=132 <= 132 and degree=3 <= 3.,storm_forced_islanding,pglib_case14_ieee,storm_forced_islanding_BUS14_MG-BUS1_MG-BUS2_MG,results/phase3/public_benchmarks/pglib_case14_ieee/qci_payloads/storm_forced_islanding_BUS14_MG-BUS1_MG-BUS2_MG.json,840,132
0.0001,"source variables=198; selected rolling patch ['BUS14_MG'] at horizon 6 under max_variables=132, max_degree=3",3,6,"[""BUS14_MG""]",storm_forced_islanding_BUS14_MG__from__storm_forced_islanding_BUS14_MG-BUS1_MG-BUS2_MG.json,results/phase3/public_benchmarks/pglib_case14_ieee/qci_fit_payloads/storm_forced_islanding_BUS14_MG__from__storm_forced_islanding_BUS14_MG-BUS1_MG-BUS2_MG.json,QCi executable because variable_count=66 <= 132 and degree=3 <= 3.,storm_forced_islanding,pglib_case14_ieee,storm_forced_islanding_BUS14_MG-BUS1_MG-BUS2_MG,results/phase3/public_benchmarks/pglib_case14_ieee/qci_payloads/storm_forced_islanding_BUS14_MG-BUS1_MG-BUS2_MG.json,420,66
0.0001,"source variables=198; selected rolling patch ['BUS1_MG'] at horizon 6 under max_variables=132, max_degree=3",3,6,"[""BUS1_MG""]",storm_forced_islanding_BUS1_MG__from__storm_forced_islanding_BUS14_MG-BUS1_MG-BUS2_MG.json,results/phase3/public_benchmarks/pglib_case14_ieee/qci_fit_payloads/storm_forced_islanding_BUS1_MG__from__storm_forced_islanding_BUS14_MG-BUS1_MG-BUS2_MG.json,QCi executable because variable_count=66 <= 132 and degree=3 <= 3.,storm_forced_islanding,pglib_case14_ieee,storm_forced_islanding_BUS14_MG-BUS1_MG-BUS2_MG,results/phase3/public_benchmarks/pglib_case14_ieee/qci_payloads/storm_forced_islanding_BUS14_MG-BUS1_MG-BUS2_MG.json,420,66
0.0001,"source variables=198; selected rolling patch ['BUS2_MG'] at horizon 6 under max_variables=132, max_degree=3",3,6,"[""BUS2_MG""]",storm_forced_islanding_BUS2_MG__from__storm_forced_islanding_BUS14_MG-BUS1_MG-BUS2_MG.json,results/phase3/public_benchmarks/pglib_case14_ieee/qci_fit_payloads/storm_forced_islanding_BUS2_MG__from__storm_forced_islanding_BUS14_MG-BUS1_MG-BUS2_MG.json,QCi executable because variable_count=66 <= 132 and degree=3 <= 3.,storm_forced_islanding,pglib_case14_ieee,storm_forced_islanding_BUS14_MG-BUS1_MG-BUS2_MG,results/phase3/public_benchmarks/pglib_case14_ieee/qci_payloads/storm_forced_islanding_BUS14_MG-BUS1_MG-BUS2_MG.json,420,66
2.12434379296138e-05,"source variables=198; selected rolling patch ['BUS3_MG', 'BUS4_MG'] at horizon 6 under max_variables=132, max_degree=3",3,6,"[""BUS3_MG"", ""BUS4_MG""]",storm_forced_islanding_BUS3_MG-BUS4_MG__from__storm_forced_islanding_BUS3_MG-BUS4_MG-BUS9_MG.json,results/phase3/public_benchmarks/pglib_case14_ieee/qci_fit_payloads/storm_forced_islanding_BUS3_MG-BUS4_MG__from__storm_forced_islanding_BUS3_MG-BUS4_MG-BUS9_MG.json,QCi executable because variable_count=132 <= 132 and degree=3 <= 3.,storm_forced_islanding,pglib_case14_ieee,storm_forced_islanding_BUS3_MG-BUS4_MG-BUS9_MG,results/phase3/public_benchmarks/pglib_case14_ieee/qci_payloads/storm_forced_islanding_BUS3_MG-BUS4_MG-BUS9_MG.json,840,132
7.818876837666333e-05,"source variables=198; selected rolling patch ['BUS4_MG', 'BUS9_MG'] at horizon 6 under max_variables=132, max_degree=3",3,6,"[""BUS4_MG"", ""BUS9_MG""]",storm_forced_islanding_BUS4_MG-BUS9_MG__from__storm_forced_islanding_BUS3_MG-BUS4_MG-BUS9_MG.json,results/phase3/public_benchmarks/pglib_case14_ieee/qci_fit_payloads/storm_forced_islanding_BUS4_MG-BUS9_MG__from__storm_forced_islanding_BUS3_MG-BUS4_MG-BUS9_MG.json,QCi executable because variable_count=132 <= 132 and degree=3 <= 3.,storm_forced_islanding,pglib_case14_ieee,storm_forced_islanding_BUS3_MG-BUS4_MG-BUS9_MG,results/phase3/public_benchmarks/pglib_case14_ieee/qci_payloads/storm_forced_islanding_BUS3_MG-BUS4_MG-BUS9_MG.json,840,132
2.12434379296138e-05,"source variables=198; selected rolling patch ['BUS3_MG'] at horizon 6 under max_variables=132, max_degree=3",3,6,"[""BUS3_MG""]",storm_forced_islanding_BUS3_MG__from__storm_forced_islanding_BUS3_MG-BUS4_MG-BUS9_MG.json,results/phase3/public_benchmarks/pglib_case14_ieee/qci_fit_payloads/storm_forced_islanding_BUS3_MG__from__storm_forced_islanding_BUS3_MG-BUS4_MG-BUS9_MG.json,QCi executable because variable_count=66 <= 132 and degree=3 <= 3.,storm_forced_islanding,pglib_case14_ieee,storm_forced_islanding_BUS3_MG-BUS4_MG-BUS9_MG,results/phase3/public_benchmarks/pglib_case14_ieee/qci_payloads/storm_forced_islanding_BUS3_MG-BUS4_MG-BUS9_MG.json,420,66
7.818876837666333e-05,"source variables=198; selected rolling patch ['BUS4_MG'] at horizon 6 under max_variables=132, max_degree=3",3,6,"[""BUS4_MG""]",storm_forced_islanding_BUS4_MG__from__storm_forced_islanding_BUS3_MG-BUS4_MG-BUS9_MG.json,results/phase3/public_benchmarks/pglib_case14_ieee/qci_fit_payloads/storm_forced_islanding_BUS4_MG__from__storm_forced_islanding_BUS3_MG-BUS4_MG-BUS9_MG.json,QCi executable because variable_count=66 <= 132 and degree=3 <= 3.,storm_forced_islanding,pglib_case14_ieee,storm_forced_islanding_BUS3_MG-BUS4_MG-BUS9_MG,results/phase3/public_benchmarks/pglib_case14_ieee/qci_payloads/storm_forced_islanding_BUS3_MG-BUS4_MG-BUS9_MG.json,420,66
0.0001,"source variables=198; selected rolling patch ['BUS9_MG'] at horizon 6 under max_variables=132, max_degree=3",3,6,"[""BUS9_MG""]",storm_forced_islanding_BUS9_MG__from__storm_forced_islanding_BUS3_MG-BUS4_MG-BUS9_MG.json,results/phase3/public_benchmarks/pglib_case14_ieee/qci_fit_payloads/storm_forced_islanding_BUS9_MG__from__storm_forced_islanding_BUS3_MG-BUS4_MG-BUS9_MG.json,QCi executable because variable_count=66 <= 132 and degree=3 <= 3.,storm_forced_islanding,pglib_case14_ieee,storm_forced_islanding_BUS3_MG-BUS4_MG-BUS9_MG,results/phase3/public_benchmarks/pglib_case14_ieee/qci_payloads/storm_forced_islanding_BUS3_MG-BUS4_MG-BUS9_MG.json,420,66
0.0001,"source variables=198; selected rolling patch ['BUS14_MG', 'BUS1_MG'] at horizon 6 under max_variables=132, max_degree=3",3,6,"[""BUS14_MG"", ""BUS1_MG""]",local_generator_failure_BUS14_MG-BUS1_MG__from__local_generator_failure_BUS14_MG-BUS1_MG-BUS2_MG.json,results/phase3/public_benchmarks/pglib_case14_ieee/qci_fit_payloads/local_generator_failure_BUS14_MG-BUS1_MG__from__local_generator_failure_BUS14_MG-BUS1_MG-BUS2_MG.json,QCi executable because variable_count=132 <= 132 and degree=3 <= 3.,local_generator_failure,pglib_case14_ieee,local_generator_failure_BUS14_MG-BUS1_MG-BUS2_MG,results/phase3/public_benchmarks/pglib_case14_ieee/qci_payloads/local_generator_failure_BUS14_MG-BUS1_MG-BUS2_MG.json,816,132
0.0001,"source variables=198; selected rolling patch ['BUS1_MG', 'BUS2_MG'] at horizon 6 under max_variables=132, max_degree=3",3,6,"[""BUS1_MG"", ""BUS2_MG""]",local_generator_failure_BUS1_MG-BUS2_MG__from__local_generator_failure_BUS14_MG-BUS1_MG-BUS2_MG.json,results/phase3/public_benchmarks/pglib_case14_ieee/qci_fit_payloads/local_generator_failure_BUS1_MG-BUS2_MG__from__local_generator_failure_BUS14_MG-BUS1_MG-BUS2_MG.json,QCi executable because variable_count=132 <= 132 and degree=3 <= 3.,local_generator_failure,pglib_case14_ieee,local_generator_failure_BUS14_MG-BUS1_MG-BUS2_MG,results/phase3/public_benchmarks/pglib_case14_ieee/qci_payloads/local_generator_failure_BUS14_MG-BUS1_MG-BUS2_MG.json,820,132
0.0001,"source variables=198; selected rolling patch ['BUS14_MG'] at horizon 6 under max_variables=132, max_degree=3",3,6,"[""BUS14_MG""]",local_generator_failure_BUS14_MG__from__local_generator_failure_BUS14_MG-BUS1_MG-BUS2_MG.json,results/phase3/public_benchmarks/pglib_case14_ieee/qci_fit_payloads/local_generator_failure_BUS14_MG__from__local_generator_failure_BUS14_MG-BUS1_MG-BUS2_MG.json,QCi executable because variable_count=66 <= 132 and degree=3 <= 3.,local_generator_failure,pglib_case14_ieee,local_generator_failure_BUS14_MG-BUS1_MG-BUS2_MG,results/phase3/public_benchmarks/pglib_case14_ieee/qci_payloads/local_generator_failure_BUS14_MG-BUS1_MG-BUS2_MG.json,408,66
0.0001,"source variables=198; selected rolling patch ['BUS1_MG'] at horizon 6 under max_variables=132, max_degree=3",3,6,"[""BUS1_MG""]",local_generator_failure_BUS1_MG__from__local_generator_failure_BUS14_MG-BUS1_MG-BUS2_MG.json,results/phase3/public_benchmarks/pglib_case14_ieee/qci_fit_payloads/local_generator_failure_BUS1_MG__from__local_generator_failure_BUS14_MG-BUS1_MG-BUS2_MG.json,QCi executable because variable_count=66 <= 132 and degree=3 <= 3.,local_generator_failure,pglib_case14_ieee,local_generator_failure_BUS14_MG-BUS1_MG-BUS2_MG,results/phase3/public_benchmarks/pglib_case14_ieee/qci_payloads/local_generator_failure_BUS14_MG-BUS1_MG-BUS2_MG.json,408,66
0.0001,"source variables=198; selected rolling patch ['BUS2_MG'] at horizon 6 under max_variables=132, max_degree=3",3,6,"[""BUS2_MG""]",local_generator_failure_BUS2_MG__from__local_generator_failure_BUS14_MG-BUS1_MG-BUS2_MG.json,results/phase3/public_benchmarks/pglib_case14_ieee/qci_fit_payloads/local_generator_failure_BUS2_MG__from__local_generator_failure_BUS14_MG-BUS1_MG-BUS2_MG.json,QCi executable because variable_count=66 <= 132 and degree=3 <= 3.,local_generator_failure,pglib_case14_ieee,local_generator_failure_BUS14_MG-BUS1_MG-BUS2_MG,results/phase3/public_benchmarks/pglib_case14_ieee/qci_payloads/local_generator_failure_BUS14_MG-BUS1_MG-BUS2_MG.json,412,66
3.1513016471157156e-05,"source variables=198; selected rolling patch ['BUS3_MG', 'BUS4_MG'] at horizon 6 under max_variables=132, max_degree=3",3,6,"[""BUS3_MG"", ""BUS4_MG""]",local_generator_failure_BUS3_MG-BUS4_MG__from__local_generator_failure_BUS3_MG-BUS4_MG-BUS9_MG.json,results/phase3/public_benchmarks/pglib_case14_ieee/qci_fit_payloads/local_generator_failure_BUS3_MG-BUS4_MG__from__local_generator_failure_BUS3_MG-BUS4_MG-BUS9_MG.json,QCi executable because variable_count=132 <= 132 and degree=3 <= 3.,local_generator_failure,pglib_case14_ieee,local_generator_failure_BUS3_MG-BUS4_MG-BUS9_MG,results/phase3/public_benchmarks/pglib_case14_ieee/qci_payloads/local_generator_failure_BUS3_MG-BUS4_MG-BUS9_MG.json,816,132
0.0001,"source variables=198; selected rolling patch ['BUS4_MG', 'BUS9_MG'] at horizon 6 under max_variables=132, max_degree=3",3,6,"[""BUS4_MG"", ""BUS9_MG""]",local_generator_failure_BUS4_MG-BUS9_MG__from__local_generator_failure_BUS3_MG-BUS4_MG-BUS9_MG.json,results/phase3/public_benchmarks/pglib_case14_ieee/qci_fit_payloads/local_generator_failure_BUS4_MG-BUS9_MG__from__local_generator_failure_BUS3_MG-BUS4_MG-BUS9_MG.json,QCi executable because variable_count=132 <= 132 and degree=3 <= 3.,local_generator_failure,pglib_case14_ieee,local_generator_failure_BUS3_MG-BUS4_MG-BUS9_MG,results/phase3/public_benchmarks/pglib_case14_ieee/qci_payloads/local_generator_failure_BUS3_MG-BUS4_MG-BUS9_MG.json,816,132
3.1513016471157156e-05,"source variables=198; selected rolling patch ['BUS3_MG'] at horizon 6 under max_variables=132, max_degree=3",3,6,"[""BUS3_MG""]",local_generator_failure_BUS3_MG__from__local_generator_failure_BUS3_MG-BUS4_MG-BUS9_MG.json,results/phase3/public_benchmarks/pglib_case14_ieee/qci_fit_payloads/local_generator_failure_BUS3_MG__from__local_generator_failure_BUS3_MG-BUS4_MG-BUS9_MG.json,QCi executable because variable_count=66 <= 132 and degree=3 <= 3.,local_generator_failure,pglib_case14_ieee,local_generator_failure_BUS3_MG-BUS4_MG-BUS9_MG,results/phase3/public_benchmarks/pglib_case14_ieee/qci_payloads/local_generator_failure_BUS3_MG-BUS4_MG-BUS9_MG.json,408,66
0.0001,"source variables=198; selected rolling patch ['BUS4_MG'] at horizon 6 under max_variables=132, max_degree=3",3,6,"[""BUS4_MG""]",local_generator_failure_BUS4_MG__from__local_generator_failure_BUS3_MG-BUS4_MG-BUS9_MG.json,results/phase3/public_benchmarks/pglib_case14_ieee/qci_fit_payloads/local_generator_failure_BUS4_MG__from__local_generator_failure_BUS3_MG-BUS4_MG-BUS9_MG.json,QCi executable because variable_count=66 <= 132 and degree=3 <= 3.,local_generator_failure,pglib_case14_ieee,local_generator_failure_BUS3_MG-BUS4_MG-BUS9_MG,results/phase3/public_benchmarks/pglib_case14_ieee/qci_payloads/local_generator_failure_BUS3_MG-BUS4_MG-BUS9_MG.json,408,66
0.0001,"source variables=198; selected rolling patch ['BUS9_MG'] at horizon 6 under max_variables=132, max_degree=3",3,6,"[""BUS9_MG""]",local_generator_failure_BUS9_MG__from__local_generator_failure_BUS3_MG-BUS4_MG-BUS9_MG.json,results/phase3/public_benchmarks/pglib_case14_ieee/qci_fit_payloads/local_generator_failure_BUS9_MG__from__local_generator_failure_BUS3_MG-BUS4_MG-BUS9_MG.json,QCi executable because variable_count=66 <= 132 and degree=3 <= 3.,local_generator_failure,pglib_case14_ieee,local_generator_failure_BUS3_MG-BUS4_MG-BUS9_MG,results/phase3/public_benchmarks/pglib_case14_ieee/qci_payloads/local_generator_failure_BUS3_MG-BUS4_MG-BUS9_MG.json,408,66
0.0001,"source variables=198; selected rolling patch ['BUS14_MG', 'BUS1_MG'] at horizon 6 under max_variables=132, max_degree=3",3,6,"[""BUS14_MG"", ""BUS1_MG""]",demand_surge_BUS14_MG-BUS1_MG__from__demand_surge_BUS14_MG-BUS1_MG-BUS2_MG.json,results/phase3/public_benchmarks/pglib_case14_ieee/qci_fit_payloads/demand_surge_BUS14_MG-BUS1_MG__from__demand_surge_BUS14_MG-BUS1_MG-BUS2_MG.json,QCi executable because variable_count=132 <= 132 and degree=3 <= 3.,demand_surge,pglib_case14_ieee,demand_surge_BUS14_MG-BUS1_MG-BUS2_MG,results/phase3/public_benchmarks/pglib_case14_ieee/qci_payloads/demand_surge_BUS14_MG-BUS1_MG-BUS2_MG.json,816,132
0.0001,"source variables=198; selected rolling patch ['BUS1_MG', 'BUS2_MG'] at horizon 6 under max_variables=132, max_degree=3",3,6,"[""BUS1_MG"", ""BUS2_MG""]",demand_surge_BUS1_MG-BUS2_MG__from__demand_surge_BUS14_MG-BUS1_MG-BUS2_MG.json,results/phase3/public_benchmarks/pglib_case14_ieee/qci_fit_payloads/demand_surge_BUS1_MG-BUS2_MG__from__demand_surge_BUS14_MG-BUS1_MG-BUS2_MG.json,QCi executable because variable_count=132 <= 132 and degree=3 <= 3.,demand_surge,pglib_case14_ieee,demand_surge_BUS14_MG-BUS1_MG-BUS2_MG,results/phase3/public_benchmarks/pglib_case14_ieee/qci_payloads/demand_surge_BUS14_MG-BUS1_MG-BUS2_MG.json,816,132
0.0001,"source variables=198; selected rolling patch ['BUS14_MG'] at horizon 6 under max_variables=132, max_degree=3",3,6,"[""BUS14_MG""]",demand_surge_BUS14_MG__from__demand_surge_BUS14_MG-BUS1_MG-BUS2_MG.json,results/phase3/public_benchmarks/pglib_case14_ieee/qci_fit_payloads/demand_surge_BUS14_MG__from__demand_surge_BUS14_MG-BUS1_MG-BUS2_MG.json,QCi executable because variable_count=66 <= 132 and degree=3 <= 3.,demand_surge,pglib_case14_ieee,demand_surge_BUS14_MG-BUS1_MG-BUS2_MG,results/phase3/public_benchmarks/pglib_case14_ieee/qci_payloads/demand_surge_BUS14_MG-BUS1_MG-BUS2_MG.json,408,66
0.0001,"source variables=198; selected rolling patch ['BUS1_MG'] at horizon 6 under max_variables=132, max_degree=3",3,6,"[""BUS1_MG""]",demand_surge_BUS1_MG__from__demand_surge_BUS14_MG-BUS1_MG-BUS2_MG.json,results/phase3/public_benchmarks/pglib_case14_ieee/qci_fit_payloads/demand_surge_BUS1_MG__from__demand_surge_BUS14_MG-BUS1_MG-BUS2_MG.json,QCi executable because variable_count=66 <= 132 and degree=3 <= 3.,demand_surge,pglib_case14_ieee,demand_surge_BUS14_MG-BUS1_MG-BUS2_MG,results/phase3/public_benchmarks/pglib_case14_ieee/qci_payloads/demand_surge_BUS14_MG-BUS1_MG-BUS2_MG.json,408,66
0.0001,"source variables=198; selected rolling patch ['BUS2_MG'] at horizon 6 under max_variables=132, max_degree=3",3,6,"[""BUS2_MG""]",demand_surge_BUS2_MG__from__demand_surge_BUS14_MG-BUS1_MG-BUS2_MG.json,results/phase3/public_benchmarks/pglib_case14_ieee/qci_fit_payloads/demand_surge_BUS2_MG__from__demand_surge_BUS14_MG-BUS1_MG-BUS2_MG.json,QCi executable because variable_count=66 <= 132 and degree=3 <= 3.,demand_surge,pglib_case14_ieee,demand_surge_BUS14_MG-BUS1_MG-BUS2_MG,results/phase3/public_benchmarks/pglib_case14_ieee/qci_payloads/demand_surge_BUS14_MG-BUS1_MG-BUS2_MG.json,408,66
1.9825915339338025e-05,"source variables=198; selected rolling patch ['BUS3_MG', 'BUS4_MG'] at horizon 6 under max_variables=132, max_degree=3",3,6,"[""BUS3_MG"", ""BUS4_MG""]",demand_surge_BUS3_MG-BUS4_MG__from__demand_surge_BUS3_MG-BUS4_MG-BUS9_MG.json,results/phase3/public_benchmarks/pglib_case14_ieee/qci_fit_payloads/demand_surge_BUS3_MG-BUS4_MG__from__demand_surge_BUS3_MG-BUS4_MG-BUS9_MG.json,QCi executable because variable_count=132 <= 132 and degree=3 <= 3.,demand_surge,pglib_case14_ieee,demand_surge_BUS3_MG-BUS4_MG-BUS9_MG,results/phase3/public_benchmarks/pglib_case14_ieee/qci_payloads/demand_surge_BUS3_MG-BUS4_MG-BUS9_MG.json,816,132
7.626521884818495e-05,"source variables=198; selected rolling patch ['BUS4_MG', 'BUS9_MG'] at horizon 6 under max_variables=132, max_degree=3",3,6,"[""BUS4_MG"", ""BUS9_MG""]",demand_surge_BUS4_MG-BUS9_MG__from__demand_surge_BUS3_MG-BUS4_MG-BUS9_MG.json,results/phase3/public_benchmarks/pglib_case14_ieee/qci_fit_payloads/demand_surge_BUS4_MG-BUS9_MG__from__demand_surge_BUS3_MG-BUS4_MG-BUS9_MG.json,QCi executable because variable_count=132 <= 132 and degree=3 <= 3.,demand_surge,pglib_case14_ieee,demand_surge_BUS3_MG-BUS4_MG-BUS9_MG,results/phase3/public_benchmarks/pglib_case14_ieee/qci_payloads/demand_surge_BUS3_MG-BUS4_MG-BUS9_MG.json,816,132
1.9825915339338025e-05,"source variables=198; selected rolling patch ['BUS3_MG'] at horizon 6 under max_variables=132, max_degree=3",3,6,"[""BUS3_MG""]",demand_surge_BUS3_MG__from__demand_surge_BUS3_MG-BUS4_MG-BUS9_MG.json,results/phase3/public_benchmarks/pglib_case14_ieee/qci_fit_payloads/demand_surge_BUS3_MG__from__demand_surge_BUS3_MG-BUS4_MG-BUS9_MG.json,QCi executable because variable_count=66 <= 132 and degree=3 <= 3.,demand_surge,pglib_case14_ieee,demand_surge_BUS3_MG-BUS4_MG-BUS9_MG,results/phase3/public_benchmarks/pglib_case14_ieee/qci_payloads/demand_surge_BUS3_MG-BUS4_MG-BUS9_MG.json,408,66
7.626521884818495e-05,"source variables=198; selected rolling patch ['BUS4_MG'] at horizon 6 under max_variables=132, max_degree=3",3,6,"[""BUS4_MG""]",demand_surge_BUS4_MG__from__demand_surge_BUS3_MG-BUS4_MG-BUS9_MG.json,results/phase3/public_benchmarks/pglib_case14_ieee/qci_fit_payloads/demand_surge_BUS4_MG__from__demand_surge_BUS3_MG-BUS4_MG-BUS9_MG.json,QCi executable because variable_count=66 <= 132 and degree=3 <= 3.,demand_surge,pglib_case14_ieee,demand_surge_BUS3_MG-BUS4_MG-BUS9_MG,results/phase3/public_benchmarks/pglib_case14_ieee/qci_payloads/demand_surge_BUS3_MG-BUS4_MG-BUS9_MG.json,408,66
0.0001,"source variables=198; selected rolling patch ['BUS9_MG'] at horizon 6 under max_variables=132, max_degree=3",3,6,"[""BUS9_MG""]",demand_surge_BUS9_MG__from__demand_surge_BUS3_MG-BUS4_MG-BUS9_MG.json,results/phase3/public_benchmarks/pglib_case14_ieee/qci_fit_payloads/demand_surge_BUS9_MG__from__demand_surge_BUS3_MG-BUS4_MG-BUS9_MG.json,QCi executable because variable_count=66 <= 132 and degree=3 <= 3.,demand_surge,pglib_case14_ieee,demand_surge_BUS3_MG-BUS4_MG-BUS9_MG,results/phase3/public_benchmarks/pglib_case14_ieee/qci_payloads/demand_surge_BUS3_MG-BUS4_MG-BUS9_MG.json,408,66
0.0001,"source variables=198; selected rolling patch ['BUS14_MG', 'BUS1_MG'] at horizon 6 under max_variables=132, max_degree=3",3,6,"[""BUS14_MG"", ""BUS1_MG""]",renewable_shortfall_BUS14_MG-BUS1_MG__from__renewable_shortfall_BUS14_MG-BUS1_MG-BUS2_MG.json,results/phase3/public_benchmarks/pglib_case14_ieee/qci_fit_payloads/renewable_shortfall_BUS14_MG-BUS1_MG__from__renewable_shortfall_BUS14_MG-BUS1_MG-BUS2_MG.json,QCi executable because variable_count=132 <= 132 and degree=3 <= 3.,renewable_shortfall,pglib_case14_ieee,renewable_shortfall_BUS14_MG-BUS1_MG-BUS2_MG,results/phase3/public_benchmarks/pglib_case14_ieee/qci_payloads/renewable_shortfall_BUS14_MG-BUS1_MG-BUS2_MG.json,816,132
0.0001,"source variables=198; selected rolling patch ['BUS1_MG', 'BUS2_MG'] at horizon 6 under max_variables=132, max_degree=3",3,6,"[""BUS1_MG"", ""BUS2_MG""]",renewable_shortfall_BUS1_MG-BUS2_MG__from__renewable_shortfall_BUS14_MG-BUS1_MG-BUS2_MG.json,results/phase3/public_benchmarks/pglib_case14_ieee/qci_fit_payloads/renewable_shortfall_BUS1_MG-BUS2_MG__from__renewable_shortfall_BUS14_MG-BUS1_MG-BUS2_MG.json,QCi executable because variable_count=132 <= 132 and degree=3 <= 3.,renewable_shortfall,pglib_case14_ieee,renewable_shortfall_BUS14_MG-BUS1_MG-BUS2_MG,results/phase3/public_benchmarks/pglib_case14_ieee/qci_payloads/renewable_shortfall_BUS14_MG-BUS1_MG-BUS2_MG.json,816,132
0.0001,"source variables=198; selected rolling patch ['BUS14_MG'] at horizon 6 under max_variables=132, max_degree=3",3,6,"[""BUS14_MG""]",renewable_shortfall_BUS14_MG__from__renewable_shortfall_BUS14_MG-BUS1_MG-BUS2_MG.json,results/phase3/public_benchmarks/pglib_case14_ieee/qci_fit_payloads/renewable_shortfall_BUS14_MG__from__renewable_shortfall_BUS14_MG-BUS1_MG-BUS2_MG.json,QCi executable because variable_count=66 <= 132 and degree=3 <= 3.,renewable_shortfall,pglib_case14_ieee,renewable_shortfall_BUS14_MG-BUS1_MG-BUS2_MG,results/phase3/public_benchmarks/pglib_case14_ieee/qci_payloads/renewable_shortfall_BUS14_MG-BUS1_MG-BUS2_MG.json,408,66
0.0001,"source variables=198; selected rolling patch ['BUS1_MG'] at horizon 6 under max_variables=132, max_degree=3",3,6,"[""BUS1_MG""]",renewable_shortfall_BUS1_MG__from__renewable_shortfall_BUS14_MG-BUS1_MG-BUS2_MG.json,results/phase3/public_benchmarks/pglib_case14_ieee/qci_fit_payloads/renewable_shortfall_BUS1_MG__from__renewable_shortfall_BUS14_MG-BUS1_MG-BUS2_MG.json,QCi executable because variable_count=66 <= 132 and degree=3 <= 3.,renewable_shortfall,pglib_case14_ieee,renewable_shortfall_BUS14_MG-BUS1_MG-BUS2_MG,results/phase3/public_benchmarks/pglib_case14_ieee/qci_payloads/renewable_shortfall_BUS14_MG-BUS1_MG-BUS2_MG.json,408,66
0.0001,"source variables=198; selected rolling patch ['BUS2_MG'] at horizon 6 under max_variables=132, max_degree=3",3,6,"[""BUS2_MG""]",renewable_shortfall_BUS2_MG__from__renewable_shortfall_BUS14_MG-BUS1_MG-BUS2_MG.json,results/phase3/public_benchmarks/pglib_case14_ieee/qci_fit_payloads/renewable_shortfall_BUS2_MG__from__renewable_shortfall_BUS14_MG-BUS1_MG-BUS2_MG.json,QCi executable because variable_count=66 <= 132 and degree=3 <= 3.,renewable_shortfall,pglib_case14_ieee,renewable_shortfall_BUS14_MG-BUS1_MG-BUS2_MG,results/phase3/public_benchmarks/pglib_case14_ieee/qci_payloads/renewable_shortfall_BUS14_MG-BUS1_MG-BUS2_MG.json,408,66
2.7736953207504658e-05,"source variables=198; selected rolling patch ['BUS3_MG', 'BUS4_MG'] at horizon 6 under max_variables=132, max_degree=3",3,6,"[""BUS3_MG"", ""BUS4_MG""]",renewable_shortfall_BUS3_MG-BUS4_MG__from__renewable_shortfall_BUS3_MG-BUS4_MG-BUS9_MG.json,results/phase3/public_benchmarks/pglib_case14_ieee/qci_fit_payloads/renewable_shortfall_BUS3_MG-BUS4_MG__from__renewable_shortfall_BUS3_MG-BUS4_MG-BUS9_MG.json,QCi executable because variable_count=132 <= 132 and degree=3 <= 3.,renewable_shortfall,pglib_case14_ieee,renewable_shortfall_BUS3_MG-BUS4_MG-BUS9_MG,results/phase3/public_benchmarks/pglib_case14_ieee/qci_payloads/renewable_shortfall_BUS3_MG-BUS4_MG-BUS9_MG.json,816,132
0.0001,"source variables=198; selected rolling patch ['BUS4_MG', 'BUS9_MG'] at horizon 6 under max_variables=132, max_degree=3",3,6,"[""BUS4_MG"", ""BUS9_MG""]",renewable_shortfall_BUS4_MG-BUS9_MG__from__renewable_shortfall_BUS3_MG-BUS4_MG-BUS9_MG.json,results/phase3/public_benchmarks/pglib_case14_ieee/qci_fit_payloads/renewable_shortfall_BUS4_MG-BUS9_MG__from__renewable_shortfall_BUS3_MG-BUS4_MG-BUS9_MG.json,QCi executable because variable_count=132 <= 132 and degree=3 <= 3.,renewable_shortfall,pglib_case14_ieee,renewable_shortfall_BUS3_MG-BUS4_MG-BUS9_MG,results/phase3/public_benchmarks/pglib_case14_ieee/qci_payloads/renewable_shortfall_BUS3_MG-BUS4_MG-BUS9_MG.json,816,132
2.7736953207504658e-05,"source variables=198; selected rolling patch ['BUS3_MG'] at horizon 6 under max_variables=132, max_degree=3",3,6,"[""BUS3_MG""]",renewable_shortfall_BUS3_MG__from__renewable_shortfall_BUS3_MG-BUS4_MG-BUS9_MG.json,results/phase3/public_benchmarks/pglib_case14_ieee/qci_fit_payloads/renewable_shortfall_BUS3_MG__from__renewable_shortfall_BUS3_MG-BUS4_MG-BUS9_MG.json,QCi executable because variable_count=66 <= 132 and degree=3 <= 3.,renewable_shortfall,pglib_case14_ieee,renewable_shortfall_BUS3_MG-BUS4_MG-BUS9_MG,results/phase3/public_benchmarks/pglib_case14_ieee/qci_payloads/renewable_shortfall_BUS3_MG-BUS4_MG-BUS9_MG.json,408,66
0.0001,"source variables=198; selected rolling patch ['BUS4_MG'] at horizon 6 under max_variables=132, max_degree=3",3,6,"[""BUS4_MG""]",renewable_shortfall_BUS4_MG__from__renewable_shortfall_BUS3_MG-BUS4_MG-BUS9_MG.json,results/phase3/public_benchmarks/pglib_case14_ieee/qci_fit_payloads/renewable_shortfall_BUS4_MG__from__renewable_shortfall_BUS3_MG-BUS4_MG-BUS9_MG.json,QCi executable because variable_count=66 <= 132 and degree=3 <= 3.,renewable_shortfall,pglib_case14_ieee,renewable_shortfall_BUS3_MG-BUS4_MG-BUS9_MG,results/phase3/public_benchmarks/pglib_case14_ieee/qci_payloads/renewable_shortfall_BUS3_MG-BUS4_MG-BUS9_MG.json,408,66
0.0001,"source variables=198; selected rolling patch ['BUS9_MG'] at horizon 6 under max_variables=132, max_degree=3",3,6,"[""BUS9_MG""]",renewable_shortfall_BUS9_MG__from__renewable_shortfall_BUS3_MG-BUS4_MG-BUS9_MG.json,results/phase3/public_benchmarks/pglib_case14_ieee/qci_fit_payloads/renewable_shortfall_BUS9_MG__from__renewable_shortfall_BUS3_MG-BUS4_MG-BUS9_MG.json,QCi executable because variable_count=66 <= 132 and degree=3 <= 3.,renewable_shortfall,pglib_case14_ieee,renewable_shortfall_BUS3_MG-BUS4_MG-BUS9_MG,results/phase3/public_benchmarks/pglib_case14_ieee/qci_payloads/renewable_shortfall_BUS3_MG-BUS4_MG-BUS9_MG.json,408,66
0.0001,"source variables=198; selected rolling patch ['BUS14_MG', 'BUS1_MG'] at horizon 6 under max_variables=132, max_degree=3",3,6,"[""BUS14_MG"", ""BUS1_MG""]",normal_BUS14_MG-BUS1_MG__from__normal_BUS14_MG-BUS1_MG-BUS2_MG.json,results/phase3/public_benchmarks/pglib_case14_ieee/qci_fit_payloads/normal_BUS14_MG-BUS1_MG__from__normal_BUS14_MG-BUS1_MG-BUS2_MG.json,QCi executable because variable_count=132 <= 132 and degree=3 <= 3.,normal,pglib_case14_ieee,normal_BUS14_MG-BUS1_MG-BUS2_MG,results/phase3/public_benchmarks/pglib_case14_ieee/qci_payloads/normal_BUS14_MG-BUS1_MG-BUS2_MG.json,816,132
0.0001,"source variables=198; selected rolling patch ['BUS1_MG', 'BUS2_MG'] at horizon 6 under max_variables=132, max_degree=3",3,6,"[""BUS1_MG"", ""BUS2_MG""]",normal_BUS1_MG-BUS2_MG__from__normal_BUS14_MG-BUS1_MG-BUS2_MG.json,results/phase3/public_benchmarks/pglib_case14_ieee/qci_fit_payloads/normal_BUS1_MG-BUS2_MG__from__normal_BUS14_MG-BUS1_MG-BUS2_MG.json,QCi executable because variable_count=132 <= 132 and degree=3 <= 3.,normal,pglib_case14_ieee,normal_BUS14_MG-BUS1_MG-BUS2_MG,results/phase3/public_benchmarks/pglib_case14_ieee/qci_payloads/normal_BUS14_MG-BUS1_MG-BUS2_MG.json,816,132
0.0001,"source variables=198; selected rolling patch ['BUS14_MG'] at horizon 6 under max_variables=132, max_degree=3",3,6,"[""BUS14_MG""]",normal_BUS14_MG__from__normal_BUS14_MG-BUS1_MG-BUS2_MG.json,results/phase3/public_benchmarks/pglib_case14_ieee/qci_fit_payloads/normal_BUS14_MG__from__normal_BUS14_MG-BUS1_MG-BUS2_MG.json,QCi executable because variable_count=66 <= 132 and degree=3 <= 3.,normal,pglib_case14_ieee,normal_BUS14_MG-BUS1_MG-BUS2_MG,results/phase3/public_benchmarks/pglib_case14_ieee/qci_payloads/normal_BUS14_MG-BUS1_MG-BUS2_MG.json,408,66
0.0001,"source variables=198; selected rolling patch ['BUS1_MG'] at horizon 6 under max_variables=132, max_degree=3",3,6,"[""BUS1_MG""]",normal_BUS1_MG__from__normal_BUS14_MG-BUS1_MG-BUS2_MG.json,results/phase3/public_benchmarks/pglib_case14_ieee/qci_fit_payloads/normal_BUS1_MG__from__normal_BUS14_MG-BUS1_MG-BUS2_MG.json,QCi executable because variable_count=66 <= 132 and degree=3 <= 3.,normal,pglib_case14_ieee,normal_BUS14_MG-BUS1_MG-BUS2_MG,results/phase3/public_benchmarks/pglib_case14_ieee/qci_payloads/normal_BUS14_MG-BUS1_MG-BUS2_MG.json,408,66
0.0001,"source variables=198; selected rolling patch ['BUS2_MG'] at horizon 6 under max_variables=132, max_degree=3",3,6,"[""BUS2_MG""]",normal_BUS2_MG__from__normal_BUS14_MG-BUS1_MG-BUS2_MG.json,results/phase3/public_benchmarks/pglib_case14_ieee/qci_fit_payloads/normal_BUS2_MG__from__normal_BUS14_MG-BUS1_MG-BUS2_MG.json,QCi executable because variable_count=66 <= 132 and degree=3 <= 3.,normal,pglib_case14_ieee,normal_BUS14_MG-BUS1_MG-BUS2_MG,results/phase3/public_benchmarks/pglib_case14_ieee/qci_payloads/normal_BUS14_MG-BUS1_MG-BUS2_MG.json,408,66
3.4685270827764116e-05,"source variables=198; selected rolling patch ['BUS3_MG', 'BUS4_MG'] at horizon 6 under max_variables=132, max_degree=3",3,6,"[""BUS3_MG"", ""BUS4_MG""]",normal_BUS3_MG-BUS4_MG__from__normal_BUS3_MG-BUS4_MG-BUS9_MG.json,results/phase3/public_benchmarks/pglib_case14_ieee/qci_fit_payloads/normal_BUS3_MG-BUS4_MG__from__normal_BUS3_MG-BUS4_MG-BUS9_MG.json,QCi executable because variable_count=132 <= 132 and degree=3 <= 3.,normal,pglib_case14_ieee,normal_BUS3_MG-BUS4_MG-BUS9_MG,results/phase3/public_benchmarks/pglib_case14_ieee/qci_payloads/normal_BUS3_MG-BUS4_MG-BUS9_MG.json,816,132
0.0001,"source variables=198; selected rolling patch ['BUS4_MG', 'BUS9_MG'] at horizon 6 under max_variables=132, max_degree=3",3,6,"[""BUS4_MG"", ""BUS9_MG""]",normal_BUS4_MG-BUS9_MG__from__normal_BUS3_MG-BUS4_MG-BUS9_MG.json,results/phase3/public_benchmarks/pglib_case14_ieee/qci_fit_payloads/normal_BUS4_MG-BUS9_MG__from__normal_BUS3_MG-BUS4_MG-BUS9_MG.json,QCi executable because variable_count=132 <= 132 and degree=3 <= 3.,normal,pglib_case14_ieee,normal_BUS3_MG-BUS4_MG-BUS9_MG,results/phase3/public_benchmarks/pglib_case14_ieee/qci_payloads/normal_BUS3_MG-BUS4_MG-BUS9_MG.json,816,132
3.4685270827764116e-05,"source variables=198; selected rolling patch ['BUS3_MG'] at horizon 6 under max_variables=132, max_degree=3",3,6,"[""BUS3_MG""]",normal_BUS3_MG__from__normal_BUS3_MG-BUS4_MG-BUS9_MG.json,results/phase3/public_benchmarks/pglib_case14_ieee/qci_fit_payloads/normal_BUS3_MG__from__normal_BUS3_MG-BUS4_MG-BUS9_MG.json,QCi executable because variable_count=66 <= 132 and degree=3 <= 3.,normal,pglib_case14_ieee,normal_BUS3_MG-BUS4_MG-BUS9_MG,results/phase3/public_benchmarks/pglib_case14_ieee/qci_payloads/normal_BUS3_MG-BUS4_MG-BUS9_MG.json,408,66
0.0001,"source variables=198; selected rolling patch ['BUS4_MG'] at horizon 6 under max_variables=132, max_degree=3",3,6,"[""BUS4_MG""]",normal_BUS4_MG__from__normal_BUS3_MG-BUS4_MG-BUS9_MG.json,results/phase3/public_benchmarks/pglib_case14_ieee/qci_fit_payloads/normal_BUS4_MG__from__normal_BUS3_MG-BUS4_MG-BUS9_MG.json,QCi executable because variable_count=66 <= 132 and degree=3 <= 3.,normal,pglib_case14_ieee,normal_BUS3_MG-BUS4_MG-BUS9_MG,results/phase3/public_benchmarks/pglib_case14_ieee/qci_payloads/normal_BUS3_MG-BUS4_MG-BUS9_MG.json,408,66
0.0001,"source variables=198; selected rolling patch ['BUS9_MG'] at horizon 6 under max_variables=132, max_degree=3",3,6,"[""BUS9_MG""]",normal_BUS9_MG__from__normal_BUS3_MG-BUS4_MG-BUS9_MG.json,results/phase3/public_benchmarks/pglib_case14_ieee/qci_fit_payloads/normal_BUS9_MG__from__normal_BUS3_MG-BUS4_MG-BUS9_MG.json,QCi executable because variable_count=66 <= 132 and degree=3 <= 3.,normal,pglib_case14_ieee,normal_BUS3_MG-BUS4_MG-BUS9_MG,results/phase3/public_benchmarks/pglib_case14_ieee/qci_payloads/normal_BUS3_MG-BUS4_MG-BUS9_MG.json,408,66
