method,budget_id,budget,portfolio_rank,portfolio_signature,selected_asset_count,selected_asset_keys,total_upgrade_cost,reconstructed_upgrade_cost,budget_utilization,feasibility,native_master_energy,master_runtime_seconds,master_backend,recourse_evaluator,trace_path,system_trace_id,critical_ens,total_ens,critical_load_served_fraction,max_fraction_customers_unserved_per_hour,critical_infrastructure_outage_hours,runtime_seconds,heldout_critical_ens,heldout_total_ens,heldout_critical_load_served_fraction
GPU random portfolio search,low_cost_catalog_step,2114027.8922130284,1,dc9a6950e48e0da4f02b,11,"[""ieee123_opendss::100::dispatchable_generation"", ""ieee123_opendss::113::dispatchable_generation"", ""ieee123_opendss::16::dispatchable_generation"", ""ieee123_opendss::28::dispatchable_generation"", ""ieee123_opendss::48::dispatchable_generation"", ""ieee123_opendss::65::dispatchable_generation"", ""ieee123_opendss::69::dispatchable_generation"", ""ieee123_opendss::6::dispatchable_generation"", ""ieee123_opendss::73::dispatchable_generation"", ""ieee123_opendss::76::dispatchable_generation"", ""ieee123_opendss::87::dispatchable_generation""]",2032032.0,2032032.0,0.9612134293426031,True,-1.0000637227011817,0.7719791671261191,NumPy vector search (no CUDA device available),ieee123_global_master_shared_recourse_v2,results/phase3/sc_cmpo/budget_master_v2/system_traces/low_cost_catalog_step__f5c9766df0__rank_01__dc9a6950e48e0da4f02b.json,system-bab1fc99833a69d0c67f,135.0,615.0,0.927027027027027,0.17621776504297995,24.0,0.7994290001224726,135.0,773.0,0.927027027027027
GPU random portfolio search,minimum_feasible_islanding,2032032.0,1,dc9a6950e48e0da4f02b,11,"[""ieee123_opendss::100::dispatchable_generation"", ""ieee123_opendss::113::dispatchable_generation"", ""ieee123_opendss::16::dispatchable_generation"", ""ieee123_opendss::28::dispatchable_generation"", ""ieee123_opendss::48::dispatchable_generation"", ""ieee123_opendss::65::dispatchable_generation"", ""ieee123_opendss::69::dispatchable_generation"", ""ieee123_opendss::6::dispatchable_generation"", ""ieee123_opendss::73::dispatchable_generation"", ""ieee123_opendss::76::dispatchable_generation"", ""ieee123_opendss::87::dispatchable_generation""]",2032032.0,2032032.0,1.0,True,-1.3058808939180302,0.8010256250854582,NumPy vector search (no CUDA device available),ieee123_global_master_shared_recourse_v2,results/phase3/sc_cmpo/budget_master_v2/system_traces/minimum_feasible_islanding__f5c9766df0__rank_01__dc9a6950e48e0da4f02b.json,system-bab1fc99833a69d0c67f,135.0,615.0,0.927027027027027,0.17621776504297995,24.0,0.8283790000714362,135.0,773.0,0.927027027027027
GPU random portfolio search,post_slsqp_catalog_step,5149457.112497372,1,a64eb0ab724181ac87ee,27,"[""ieee123_opendss::100::bess"", ""ieee123_opendss::100::dispatchable_generation"", ""ieee123_opendss::100::pv"", ""ieee123_opendss::113::bess"", ""ieee123_opendss::113::dispatchable_generation"", ""ieee123_opendss::113::pv"", ""ieee123_opendss::16::bess"", ""ieee123_opendss::16::dispatchable_generation"", ""ieee123_opendss::28::bess"", ""ieee123_opendss::28::dispatchable_generation"", ""ieee123_opendss::28::pv"", ""ieee123_opendss::48::dispatchable_generation"", ""ieee123_opendss::65::dispatchable_generation"", ""ieee123_opendss::69::bess"", ""ieee123_opendss::69::dispatchable_generation"", ""ieee123_opendss::69::pv"", ""ieee123_opendss::6::bess"", ""ieee123_opendss::6::dispatchable_generation"", ""ieee123_opendss::6::pv"", ""ieee123_opendss::73::bess"", ""ieee123_opendss::73::dispatchable_generation"", ""ieee123_opendss::73::pv"", ""ieee123_opendss::76::bess"", ""ieee123_opendss::76::dispatchable_generation"", ""ieee123_opendss::87::bess"", ""ieee123_opendss::87::dispatchable_generation"", ""ieee123_opendss::87::pv""]",5079141.942485333,5079141.942485333,0.9863451295008578,True,-1.0356310039867613,0.3348917078692466,NumPy vector search (no CUDA device available),ieee123_global_master_shared_recourse_v2,results/phase3/sc_cmpo/budget_master_v2/system_traces/post_slsqp_catalog_step__f5c9766df0__rank_01__a64eb0ab724181ac87ee.json,system-0ac604da764f40b4fec9,135.0,615.0,0.927027027027027,0.17621776504297995,24.0,0.36339983297511935,135.0,773.0,0.927027027027027
GPU random portfolio search,pv_catalog_midpoint,3097978.598769372,1,080ab2f10590d0e91d53,19,"[""ieee123_opendss::100::dispatchable_generation"", ""ieee123_opendss::113::bess"", ""ieee123_opendss::113::dispatchable_generation"", ""ieee123_opendss::113::pv"", ""ieee123_opendss::16::bess"", ""ieee123_opendss::16::dispatchable_generation"", ""ieee123_opendss::16::pv"", ""ieee123_opendss::28::dispatchable_generation"", ""ieee123_opendss::48::dispatchable_generation"", ""ieee123_opendss::65::dispatchable_generation"", ""ieee123_opendss::69::bess"", ""ieee123_opendss::69::dispatchable_generation"", ""ieee123_opendss::6::bess"", ""ieee123_opendss::6::dispatchable_generation"", ""ieee123_opendss::6::pv"", ""ieee123_opendss::73::dispatchable_generation"", ""ieee123_opendss::76::dispatchable_generation"", ""ieee123_opendss::87::dispatchable_generation"", ""ieee123_opendss::87::pv""]",3085893.8251361526,3085893.8251361526,0.9960991423123389,True,-1.116527947792342,0.5864658749196678,NumPy vector search (no CUDA device available),ieee123_global_master_shared_recourse_v2,results/phase3/sc_cmpo/budget_master_v2/system_traces/pv_catalog_midpoint__f5c9766df0__rank_01__080ab2f10590d0e91d53.json,system-2cbedea8a4ce30206701,135.0,615.0,0.927027027027027,0.17621776504297995,24.0,0.614632667042315,135.0,773.0,0.927027027027027
GPU random portfolio search,qci_selected_cost,5602175.318543635,1,0244fc03097c70e0fae4,29,"[""ieee123_opendss::100::bess"", ""ieee123_opendss::100::dispatchable_generation"", ""ieee123_opendss::100::pv"", ""ieee123_opendss::113::bess"", ""ieee123_opendss::113::dispatchable_generation"", ""ieee123_opendss::113::pv"", ""ieee123_opendss::16::bess"", ""ieee123_opendss::16::dispatchable_generation"", ""ieee123_opendss::16::pv"", ""ieee123_opendss::28::bess"", ""ieee123_opendss::28::dispatchable_generation"", ""ieee123_opendss::28::pv"", ""ieee123_opendss::48::dispatchable_generation"", ""ieee123_opendss::65::dispatchable_generation"", ""ieee123_opendss::65::pv"", ""ieee123_opendss::69::bess"", ""ieee123_opendss::69::dispatchable_generation"", ""ieee123_opendss::69::pv"", ""ieee123_opendss::6::bess"", ""ieee123_opendss::6::dispatchable_generation"", ""ieee123_opendss::6::pv"", ""ieee123_opendss::73::bess"", ""ieee123_opendss::73::dispatchable_generation"", ""ieee123_opendss::73::pv"", ""ieee123_opendss::76::bess"", ""ieee123_opendss::76::dispatchable_generation"", ""ieee123_opendss::87::bess"", ""ieee123_opendss::87::dispatchable_generation"", ""ieee123_opendss::87::pv""]",5584783.27779901,5584783.27779901,0.9968954843867424,True,-1.0674132017223301,0.33025870798155665,NumPy vector search (no CUDA device available),ieee123_global_master_shared_recourse_v2,results/phase3/sc_cmpo/budget_master_v2/system_traces/qci_selected_cost__f5c9766df0__rank_01__0244fc03097c70e0fae4.json,system-524ec565c810ea35b8d5,135.0,615.0,0.927027027027027,0.17621776504297995,24.0,0.3589630408678204,135.0,773.0,0.927027027027027
GPU random portfolio search,slsqp_selected_cost,4532906.712497371,1,e252c630c695290d0185,25,"[""ieee123_opendss::100::bess"", ""ieee123_opendss::100::dispatchable_generation"", ""ieee123_opendss::113::bess"", ""ieee123_opendss::113::dispatchable_generation"", ""ieee123_opendss::113::pv"", ""ieee123_opendss::16::bess"", ""ieee123_opendss::16::dispatchable_generation"", ""ieee123_opendss::16::pv"", ""ieee123_opendss::28::bess"", ""ieee123_opendss::28::dispatchable_generation"", ""ieee123_opendss::48::dispatchable_generation"", ""ieee123_opendss::65::dispatchable_generation"", ""ieee123_opendss::65::pv"", ""ieee123_opendss::69::bess"", ""ieee123_opendss::69::dispatchable_generation"", ""ieee123_opendss::69::pv"", ""ieee123_opendss::6::bess"", ""ieee123_opendss::6::dispatchable_generation"", ""ieee123_opendss::6::pv"", ""ieee123_opendss::73::bess"", ""ieee123_opendss::73::dispatchable_generation"", ""ieee123_opendss::73::pv"", ""ieee123_opendss::76::dispatchable_generation"", ""ieee123_opendss::87::bess"", ""ieee123_opendss::87::dispatchable_generation""]",4532490.288591848,4532490.288591848,0.9999081331401823,True,-1.005611199544851,0.3556629999075085,NumPy vector search (no CUDA device available),ieee123_global_master_shared_recourse_v2,results/phase3/sc_cmpo/budget_master_v2/system_traces/slsqp_selected_cost__f5c9766df0__rank_01__e252c630c695290d0185.json,system-61c6c51043ee5cc2b1bd,135.0,615.0,0.927027027027027,0.17621776504297995,24.0,0.3844802079256624,135.0,773.0,0.927027027027027
QCi global budget master V2,low_cost_catalog_step,2114027.8922130284,1,d110be868f056d3c30f6,11,"[""ieee123_opendss::100::dispatchable_generation"", ""ieee123_opendss::113::pv"", ""ieee123_opendss::16::dispatchable_generation"", ""ieee123_opendss::28::dispatchable_generation"", ""ieee123_opendss::48::dispatchable_generation"", ""ieee123_opendss::65::dispatchable_generation"", ""ieee123_opendss::69::dispatchable_generation"", ""ieee123_opendss::6::dispatchable_generation"", ""ieee123_opendss::73::dispatchable_generation"", ""ieee123_opendss::76::dispatchable_generation"", ""ieee123_opendss::87::dispatchable_generation""]",2052527.8562840382,2052527.8562840382,0.970908597679565,True,-1.1732833,387.6376383751631,QCi Dirac-3 sample-hamiltonian,ieee123_global_master_shared_recourse_v2,results/phase3/sc_cmpo/budget_master_v2/system_traces/low_cost_catalog_step__6cf4a5dde4__rank_01__d110be868f056d3c30f6.json,system-9670686553210e5b122c,145.0,625.0,0.9216216216216216,0.1991404011461318,27.0,387.666679084301,135.0,773.0,0.927027027027027
QCi global budget master V2,minimum_feasible_islanding,2032032.0,1,dc9a6950e48e0da4f02b,11,"[""ieee123_opendss::100::dispatchable_generation"", ""ieee123_opendss::113::dispatchable_generation"", ""ieee123_opendss::16::dispatchable_generation"", ""ieee123_opendss::28::dispatchable_generation"", ""ieee123_opendss::48::dispatchable_generation"", ""ieee123_opendss::65::dispatchable_generation"", ""ieee123_opendss::69::dispatchable_generation"", ""ieee123_opendss::6::dispatchable_generation"", ""ieee123_opendss::73::dispatchable_generation"", ""ieee123_opendss::76::dispatchable_generation"", ""ieee123_opendss::87::dispatchable_generation""]",2032032.0,2032032.0,1.0,True,-75.7527237,5664.027121500112,QCi Dirac-3 sample-hamiltonian,ieee123_global_master_shared_recourse_v2,results/phase3/sc_cmpo/budget_master_v2/system_traces/minimum_feasible_islanding__6cf4a5dde4__rank_01__dc9a6950e48e0da4f02b.json,system-4061b06420ea53395810,135.0,615.0,0.927027027027027,0.17621776504297995,24.0,5664.056049125036,135.0,773.0,0.927027027027027
QCi global budget master V2,post_slsqp_catalog_step,5149457.112497372,6,45af5420f067276c191e,11,"[""ieee123_opendss::100::pv"", ""ieee123_opendss::113::dispatchable_generation"", ""ieee123_opendss::16::pv"", ""ieee123_opendss::28::pv"", ""ieee123_opendss::48::dispatchable_generation"", ""ieee123_opendss::65::dispatchable_generation"", ""ieee123_opendss::69::dispatchable_generation"", ""ieee123_opendss::6::bess"", ""ieee123_opendss::73::pv"", ""ieee123_opendss::76::pv"", ""ieee123_opendss::87::dispatchable_generation""]",2271878.8616451053,2271878.8616451053,0.4411880343913176,True,-1.2629172,5791.399093708955,QCi Dirac-3 sample-hamiltonian,ieee123_global_master_shared_recourse_v2,results/phase3/sc_cmpo/budget_master_v2/system_traces/post_slsqp_catalog_step__6cf4a5dde4__rank_06__45af5420f067276c191e.json,system-f77222621d588d4d1658,264.375,696.875,0.8570945945945946,0.39255014326647564,47.0,5791.426262583816,195.0,833.0,0.8945945945945946
QCi global budget master V2,pv_catalog_midpoint,3097978.598769372,2,b2a2f5e90724df753e22,11,"[""ieee123_opendss::100::bess"", ""ieee123_opendss::113::dispatchable_generation"", ""ieee123_opendss::16::pv"", ""ieee123_opendss::28::dispatchable_generation"", ""ieee123_opendss::48::dispatchable_generation"", ""ieee123_opendss::65::pv"", ""ieee123_opendss::69::dispatchable_generation"", ""ieee123_opendss::6::dispatchable_generation"", ""ieee123_opendss::73::dispatchable_generation"", ""ieee123_opendss::76::dispatchable_generation"", ""ieee123_opendss::87::pv""]",2250403.555668724,2250403.555668724,0.7264102975284157,True,-14.181757,999.0010147080757,QCi Dirac-3 sample-hamiltonian,ieee123_global_master_shared_recourse_v2,results/phase3/sc_cmpo/budget_master_v2/system_traces/pv_catalog_midpoint__6cf4a5dde4__rank_02__b2a2f5e90724df753e22.json,system-4f44a5ee8b84430f7fdb,256.5625,689.0625,0.8613175675675676,0.3216332378223496,44.0,999.0279955409933,255.0,893.0,0.8621621621621621
QCi global budget master V2,qci_selected_cost,5602175.318543635,1,8bb0c790688f3e794755,11,"[""ieee123_opendss::100::dispatchable_generation"", ""ieee123_opendss::113::dispatchable_generation"", ""ieee123_opendss::16::dispatchable_generation"", ""ieee123_opendss::28::dispatchable_generation"", ""ieee123_opendss::48::dispatchable_generation"", ""ieee123_opendss::65::dispatchable_generation"", ""ieee123_opendss::69::pv"", ""ieee123_opendss::6::dispatchable_generation"", ""ieee123_opendss::73::dispatchable_generation"", ""ieee123_opendss::76::dispatchable_generation"", ""ieee123_opendss::87::dispatchable_generation""]",2057651.8203550477,2057651.8203550477,0.3672951493581539,True,-8.3438435,5835.1017101251055,QCi Dirac-3 sample-hamiltonian,ieee123_global_master_shared_recourse_v2,results/phase3/sc_cmpo/budget_master_v2/system_traces/qci_selected_cost__6cf4a5dde4__rank_01__8bb0c790688f3e794755.json,system-05b3ac788f533c57e416,147.5,627.5,0.9202702702702703,0.20487106017191978,27.0,5835.128351750085,135.0,773.0,0.927027027027027
QCi global budget master V2,slsqp_selected_cost,4532906.712497371,1,6fa2fed52b07eebcf83b,11,"[""ieee123_opendss::100::dispatchable_generation"", ""ieee123_opendss::113::dispatchable_generation"", ""ieee123_opendss::16::pv"", ""ieee123_opendss::28::pv"", ""ieee123_opendss::48::dispatchable_generation"", ""ieee123_opendss::65::dispatchable_generation"", ""ieee123_opendss::69::pv"", ""ieee123_opendss::6::pv"", ""ieee123_opendss::73::dispatchable_generation"", ""ieee123_opendss::76::dispatchable_generation"", ""ieee123_opendss::87::dispatchable_generation""]",2124263.3532781717,2124263.3532781717,0.4686316061659748,True,-1.2100594,999.0240975001361,QCi Dirac-3 sample-hamiltonian,ieee123_global_master_shared_recourse_v2,results/phase3/sc_cmpo/budget_master_v2/system_traces/slsqp_selected_cost__6cf4a5dde4__rank_01__6fa2fed52b07eebcf83b.json,system-17117e87b3f5259a1654,180.0,652.5,0.9027027027027027,0.2793696275071633,34.0,999.0508792921901,135.0,773.0,0.927027027027027
QUBO/quadratized upgrade master,low_cost_catalog_step,2114027.8922130284,1,dc9a6950e48e0da4f02b,11,"[""ieee123_opendss::100::dispatchable_generation"", ""ieee123_opendss::113::dispatchable_generation"", ""ieee123_opendss::16::dispatchable_generation"", ""ieee123_opendss::28::dispatchable_generation"", ""ieee123_opendss::48::dispatchable_generation"", ""ieee123_opendss::65::dispatchable_generation"", ""ieee123_opendss::69::dispatchable_generation"", ""ieee123_opendss::6::dispatchable_generation"", ""ieee123_opendss::73::dispatchable_generation"", ""ieee123_opendss::76::dispatchable_generation"", ""ieee123_opendss::87::dispatchable_generation""]",2032032.0,2032032.0,0.9612134293426031,True,-1.0000637227011817,0.021821750095114112,binary simulated annealing over quadratized hard-constraint master,ieee123_global_master_shared_recourse_v2,results/phase3/sc_cmpo/budget_master_v2/system_traces/low_cost_catalog_step__a4bbc35054__rank_01__dc9a6950e48e0da4f02b.json,system-924f99c7590c97155a74,135.0,615.0,0.927027027027027,0.17621776504297995,24.0,0.049695375142619014,135.0,773.0,0.927027027027027
QUBO/quadratized upgrade master,minimum_feasible_islanding,2032032.0,1,dc9a6950e48e0da4f02b,11,"[""ieee123_opendss::100::dispatchable_generation"", ""ieee123_opendss::113::dispatchable_generation"", ""ieee123_opendss::16::dispatchable_generation"", ""ieee123_opendss::28::dispatchable_generation"", ""ieee123_opendss::48::dispatchable_generation"", ""ieee123_opendss::65::dispatchable_generation"", ""ieee123_opendss::69::dispatchable_generation"", ""ieee123_opendss::6::dispatchable_generation"", ""ieee123_opendss::73::dispatchable_generation"", ""ieee123_opendss::76::dispatchable_generation"", ""ieee123_opendss::87::dispatchable_generation""]",2032032.0,2032032.0,1.0,True,-1.3058808939180302,0.011033124988898635,binary simulated annealing over quadratized hard-constraint master,ieee123_global_master_shared_recourse_v2,results/phase3/sc_cmpo/budget_master_v2/system_traces/minimum_feasible_islanding__a4bbc35054__rank_01__dc9a6950e48e0da4f02b.json,system-924f99c7590c97155a74,135.0,615.0,0.927027027027027,0.17621776504297995,24.0,0.03826233302243054,135.0,773.0,0.927027027027027
QUBO/quadratized upgrade master,post_slsqp_catalog_step,5149457.112497372,1,0dbe9a36ad2fb69c944e,27,"[""ieee123_opendss::100::bess"", ""ieee123_opendss::100::dispatchable_generation"", ""ieee123_opendss::100::pv"", ""ieee123_opendss::113::bess"", ""ieee123_opendss::113::dispatchable_generation"", ""ieee123_opendss::113::pv"", ""ieee123_opendss::16::bess"", ""ieee123_opendss::16::dispatchable_generation"", ""ieee123_opendss::16::pv"", ""ieee123_opendss::28::dispatchable_generation"", ""ieee123_opendss::28::pv"", ""ieee123_opendss::48::dispatchable_generation"", ""ieee123_opendss::65::bess"", ""ieee123_opendss::65::dispatchable_generation"", ""ieee123_opendss::65::pv"", ""ieee123_opendss::69::bess"", ""ieee123_opendss::69::dispatchable_generation"", ""ieee123_opendss::69::pv"", ""ieee123_opendss::6::bess"", ""ieee123_opendss::6::dispatchable_generation"", ""ieee123_opendss::6::pv"", ""ieee123_opendss::73::dispatchable_generation"", ""ieee123_opendss::73::pv"", ""ieee123_opendss::76::dispatchable_generation"", ""ieee123_opendss::87::bess"", ""ieee123_opendss::87::dispatchable_generation"", ""ieee123_opendss::87::pv""]",5093469.67779901,5093469.67779901,0.9891275073322808,True,-1.0356310039867613,0.01999975019134581,binary simulated annealing over quadratized hard-constraint master,ieee123_global_master_shared_recourse_v2,results/phase3/sc_cmpo/budget_master_v2/system_traces/post_slsqp_catalog_step__a4bbc35054__rank_01__0dbe9a36ad2fb69c944e.json,system-616dc906f442cf061448,135.0,615.0,0.927027027027027,0.17621776504297995,24.0,0.048961875261738896,135.0,773.0,0.927027027027027
QUBO/quadratized upgrade master,pv_catalog_midpoint,3097978.598769372,1,5acd783c8e9b2d6dda9a,16,"[""ieee123_opendss::100::dispatchable_generation"", ""ieee123_opendss::113::bess"", ""ieee123_opendss::113::dispatchable_generation"", ""ieee123_opendss::16::bess"", ""ieee123_opendss::16::dispatchable_generation"", ""ieee123_opendss::28::bess"", ""ieee123_opendss::48::dispatchable_generation"", ""ieee123_opendss::65::dispatchable_generation"", ""ieee123_opendss::69::dispatchable_generation"", ""ieee123_opendss::6::bess"", ""ieee123_opendss::6::dispatchable_generation"", ""ieee123_opendss::6::pv"", ""ieee123_opendss::73::dispatchable_generation"", ""ieee123_opendss::76::bess"", ""ieee123_opendss::87::bess"", ""ieee123_opendss::87::dispatchable_generation""]",3077514.2922130288,3077514.2922130288,0.9933943034453265,True,-1.1165279477923418,0.013936749892309308,binary simulated annealing over quadratized hard-constraint master,ieee123_global_master_shared_recourse_v2,results/phase3/sc_cmpo/budget_master_v2/system_traces/pv_catalog_midpoint__a4bbc35054__rank_01__5acd783c8e9b2d6dda9a.json,system-5dd12ee84e0c4cdcd3eb,388.125,868.125,0.7902027027027027,0.2922636103151863,49.0,0.042598458006978035,540.0,1178.0,0.7081081081081081
QUBO/quadratized upgrade master,qci_selected_cost,5602175.318543635,1,0244fc03097c70e0fae4,29,"[""ieee123_opendss::100::bess"", ""ieee123_opendss::100::dispatchable_generation"", ""ieee123_opendss::100::pv"", ""ieee123_opendss::113::bess"", ""ieee123_opendss::113::dispatchable_generation"", ""ieee123_opendss::113::pv"", ""ieee123_opendss::16::bess"", ""ieee123_opendss::16::dispatchable_generation"", ""ieee123_opendss::16::pv"", ""ieee123_opendss::28::bess"", ""ieee123_opendss::28::dispatchable_generation"", ""ieee123_opendss::28::pv"", ""ieee123_opendss::48::dispatchable_generation"", ""ieee123_opendss::65::dispatchable_generation"", ""ieee123_opendss::65::pv"", ""ieee123_opendss::69::bess"", ""ieee123_opendss::69::dispatchable_generation"", ""ieee123_opendss::69::pv"", ""ieee123_opendss::6::bess"", ""ieee123_opendss::6::dispatchable_generation"", ""ieee123_opendss::6::pv"", ""ieee123_opendss::73::bess"", ""ieee123_opendss::73::dispatchable_generation"", ""ieee123_opendss::73::pv"", ""ieee123_opendss::76::bess"", ""ieee123_opendss::76::dispatchable_generation"", ""ieee123_opendss::87::bess"", ""ieee123_opendss::87::dispatchable_generation"", ""ieee123_opendss::87::pv""]",5584783.27779901,5584783.27779901,0.9968954843867424,True,-1.0674132017223301,0.02056587510742247,binary simulated annealing over quadratized hard-constraint master,ieee123_global_master_shared_recourse_v2,results/phase3/sc_cmpo/budget_master_v2/system_traces/qci_selected_cost__a4bbc35054__rank_01__0244fc03097c70e0fae4.json,system-13fcc1cc00114df36629,135.0,615.0,0.927027027027027,0.17621776504297995,24.0,0.04984720819629729,135.0,773.0,0.927027027027027
QUBO/quadratized upgrade master,slsqp_selected_cost,4532906.712497371,1,b4e38df2e9e56bf7ee29,25,"[""ieee123_opendss::100::bess"", ""ieee123_opendss::100::dispatchable_generation"", ""ieee123_opendss::113::bess"", ""ieee123_opendss::113::dispatchable_generation"", ""ieee123_opendss::113::pv"", ""ieee123_opendss::16::bess"", ""ieee123_opendss::16::dispatchable_generation"", ""ieee123_opendss::16::pv"", ""ieee123_opendss::28::bess"", ""ieee123_opendss::28::dispatchable_generation"", ""ieee123_opendss::28::pv"", ""ieee123_opendss::48::dispatchable_generation"", ""ieee123_opendss::65::bess"", ""ieee123_opendss::69::bess"", ""ieee123_opendss::69::dispatchable_generation"", ""ieee123_opendss::69::pv"", ""ieee123_opendss::6::bess"", ""ieee123_opendss::6::dispatchable_generation"", ""ieee123_opendss::6::pv"", ""ieee123_opendss::73::dispatchable_generation"", ""ieee123_opendss::73::pv"", ""ieee123_opendss::76::pv"", ""ieee123_opendss::87::bess"", ""ieee123_opendss::87::dispatchable_generation"", ""ieee123_opendss::87::pv""]",4520495.26642621,4520495.26642621,0.9972619233400629,True,-1.005611199544851,0.018994166050106287,binary simulated annealing over quadratized hard-constraint master,ieee123_global_master_shared_recourse_v2,results/phase3/sc_cmpo/budget_master_v2/system_traces/slsqp_selected_cost__a4bbc35054__rank_01__b4e38df2e9e56bf7ee29.json,system-1bfc69c24b6eb45c359c,306.25,741.25,0.8344594594594594,0.2664756446991404,36.0,0.0481154581066221,350.0,988.0,0.8108108108108109
SLSQP/IPOPT relaxation,low_cost_catalog_step,2114027.8922130284,1,dc9a6950e48e0da4f02b,11,"[""ieee123_opendss::100::dispatchable_generation"", ""ieee123_opendss::113::dispatchable_generation"", ""ieee123_opendss::16::dispatchable_generation"", ""ieee123_opendss::28::dispatchable_generation"", ""ieee123_opendss::48::dispatchable_generation"", ""ieee123_opendss::65::dispatchable_generation"", ""ieee123_opendss::69::dispatchable_generation"", ""ieee123_opendss::6::dispatchable_generation"", ""ieee123_opendss::73::dispatchable_generation"", ""ieee123_opendss::76::dispatchable_generation"", ""ieee123_opendss::87::dispatchable_generation""]",2032032.0,2032032.0,0.9612134293426031,True,-1.0000637227011817,0.018696124898269773,scipy.optimize.minimize(SLSQP) relaxation + hard-feasible projection,ieee123_global_master_shared_recourse_v2,results/phase3/sc_cmpo/budget_master_v2/system_traces/low_cost_catalog_step__3b703f40df__rank_01__dc9a6950e48e0da4f02b.json,system-d27a6e567c3fc7fba275,135.0,615.0,0.927027027027027,0.17621776504297995,24.0,0.0458984998986125,135.0,773.0,0.927027027027027
SLSQP/IPOPT relaxation,minimum_feasible_islanding,2032032.0,1,dc9a6950e48e0da4f02b,11,"[""ieee123_opendss::100::dispatchable_generation"", ""ieee123_opendss::113::dispatchable_generation"", ""ieee123_opendss::16::dispatchable_generation"", ""ieee123_opendss::28::dispatchable_generation"", ""ieee123_opendss::48::dispatchable_generation"", ""ieee123_opendss::65::dispatchable_generation"", ""ieee123_opendss::69::dispatchable_generation"", ""ieee123_opendss::6::dispatchable_generation"", ""ieee123_opendss::73::dispatchable_generation"", ""ieee123_opendss::76::dispatchable_generation"", ""ieee123_opendss::87::dispatchable_generation""]",2032032.0,2032032.0,1.0,True,-1.3058808939180302,0.004079125123098493,scipy.optimize.minimize(SLSQP) relaxation + hard-feasible projection,ieee123_global_master_shared_recourse_v2,results/phase3/sc_cmpo/budget_master_v2/system_traces/minimum_feasible_islanding__3b703f40df__rank_01__dc9a6950e48e0da4f02b.json,system-d27a6e567c3fc7fba275,135.0,615.0,0.927027027027027,0.17621776504297995,24.0,0.03143220813944936,135.0,773.0,0.927027027027027
SLSQP/IPOPT relaxation,post_slsqp_catalog_step,5149457.112497372,1,7a7ba0a3bb8f724f9448,28,"[""ieee123_opendss::100::bess"", ""ieee123_opendss::100::dispatchable_generation"", ""ieee123_opendss::100::pv"", ""ieee123_opendss::113::bess"", ""ieee123_opendss::113::dispatchable_generation"", ""ieee123_opendss::113::pv"", ""ieee123_opendss::16::bess"", ""ieee123_opendss::16::dispatchable_generation"", ""ieee123_opendss::16::pv"", ""ieee123_opendss::28::bess"", ""ieee123_opendss::28::dispatchable_generation"", ""ieee123_opendss::28::pv"", ""ieee123_opendss::48::dispatchable_generation"", ""ieee123_opendss::65::dispatchable_generation"", ""ieee123_opendss::65::pv"", ""ieee123_opendss::69::bess"", ""ieee123_opendss::69::dispatchable_generation"", ""ieee123_opendss::69::pv"", ""ieee123_opendss::6::bess"", ""ieee123_opendss::6::dispatchable_generation"", ""ieee123_opendss::6::pv"", ""ieee123_opendss::73::bess"", ""ieee123_opendss::73::dispatchable_generation"", ""ieee123_opendss::73::pv"", ""ieee123_opendss::76::dispatchable_generation"", ""ieee123_opendss::87::bess"", ""ieee123_opendss::87::dispatchable_generation"", ""ieee123_opendss::87::pv""]",4997133.67779901,4997133.67779901,0.9704195158109612,True,-1.0356310039867613,0.0292004169896245,scipy.optimize.minimize(SLSQP) relaxation + hard-feasible projection,ieee123_global_master_shared_recourse_v2,results/phase3/sc_cmpo/budget_master_v2/system_traces/post_slsqp_catalog_step__3b703f40df__rank_01__7a7ba0a3bb8f724f9448.json,system-49ced7dfcfe1ea98ec6f,135.0,615.0,0.927027027027027,0.17621776504297995,24.0,0.058530166978016496,135.0,773.0,0.927027027027027
SLSQP/IPOPT relaxation,pv_catalog_midpoint,3097978.598769372,1,8f44a8152ce9416eeec3,19,"[""ieee123_opendss::100::dispatchable_generation"", ""ieee123_opendss::113::bess"", ""ieee123_opendss::113::dispatchable_generation"", ""ieee123_opendss::113::pv"", ""ieee123_opendss::16::bess"", ""ieee123_opendss::16::dispatchable_generation"", ""ieee123_opendss::16::pv"", ""ieee123_opendss::28::dispatchable_generation"", ""ieee123_opendss::48::dispatchable_generation"", ""ieee123_opendss::65::dispatchable_generation"", ""ieee123_opendss::69::dispatchable_generation"", ""ieee123_opendss::69::pv"", ""ieee123_opendss::6::bess"", ""ieee123_opendss::6::dispatchable_generation"", ""ieee123_opendss::6::pv"", ""ieee123_opendss::73::dispatchable_generation"", ""ieee123_opendss::76::dispatchable_generation"", ""ieee123_opendss::87::dispatchable_generation"", ""ieee123_opendss::87::pv""]",3029881.6454912,3029881.6454912,0.97801890777902,True,-1.116527947792342,0.024567540967836976,scipy.optimize.minimize(SLSQP) relaxation + hard-feasible projection,ieee123_global_master_shared_recourse_v2,results/phase3/sc_cmpo/budget_master_v2/system_traces/pv_catalog_midpoint__3b703f40df__rank_01__8f44a8152ce9416eeec3.json,system-58a25cbff2e7e79bdd60,135.0,615.0,0.927027027027027,0.17621776504297995,24.0,0.07265487383119762,135.0,773.0,0.927027027027027
SLSQP/IPOPT relaxation,qci_selected_cost,5602175.318543635,1,8b57e122610db4cc4bbd,29,"[""ieee123_opendss::100::bess"", ""ieee123_opendss::100::dispatchable_generation"", ""ieee123_opendss::100::pv"", ""ieee123_opendss::113::bess"", ""ieee123_opendss::113::dispatchable_generation"", ""ieee123_opendss::113::pv"", ""ieee123_opendss::16::bess"", ""ieee123_opendss::16::dispatchable_generation"", ""ieee123_opendss::16::pv"", ""ieee123_opendss::28::bess"", ""ieee123_opendss::28::dispatchable_generation"", ""ieee123_opendss::28::pv"", ""ieee123_opendss::48::dispatchable_generation"", ""ieee123_opendss::65::dispatchable_generation"", ""ieee123_opendss::65::pv"", ""ieee123_opendss::69::bess"", ""ieee123_opendss::69::dispatchable_generation"", ""ieee123_opendss::69::pv"", ""ieee123_opendss::6::bess"", ""ieee123_opendss::6::dispatchable_generation"", ""ieee123_opendss::6::pv"", ""ieee123_opendss::73::bess"", ""ieee123_opendss::73::dispatchable_generation"", ""ieee123_opendss::73::pv"", ""ieee123_opendss::76::dispatchable_generation"", ""ieee123_opendss::76::pv"", ""ieee123_opendss::87::bess"", ""ieee123_opendss::87::dispatchable_generation"", ""ieee123_opendss::87::pv""]",5413946.129881905,5413946.129881905,0.9664006965225318,True,-1.0674132017223301,0.03253345820121467,scipy.optimize.minimize(SLSQP) relaxation + hard-feasible projection,ieee123_global_master_shared_recourse_v2,results/phase3/sc_cmpo/budget_master_v2/system_traces/qci_selected_cost__3b703f40df__rank_01__8b57e122610db4cc4bbd.json,system-13fb19b1a69628278a7c,135.0,615.0,0.927027027027027,0.17621776504297995,24.0,0.06167429219931364,135.0,773.0,0.927027027027027
SLSQP/IPOPT relaxation,slsqp_selected_cost,4532906.712497371,1,16b5c2c0ba602c41b832,26,"[""ieee123_opendss::100::dispatchable_generation"", ""ieee123_opendss::100::pv"", ""ieee123_opendss::113::bess"", ""ieee123_opendss::113::dispatchable_generation"", ""ieee123_opendss::113::pv"", ""ieee123_opendss::16::bess"", ""ieee123_opendss::16::dispatchable_generation"", ""ieee123_opendss::16::pv"", ""ieee123_opendss::28::bess"", ""ieee123_opendss::28::dispatchable_generation"", ""ieee123_opendss::28::pv"", ""ieee123_opendss::48::dispatchable_generation"", ""ieee123_opendss::65::dispatchable_generation"", ""ieee123_opendss::69::bess"", ""ieee123_opendss::69::dispatchable_generation"", ""ieee123_opendss::69::pv"", ""ieee123_opendss::6::bess"", ""ieee123_opendss::6::dispatchable_generation"", ""ieee123_opendss::6::pv"", ""ieee123_opendss::73::bess"", ""ieee123_opendss::73::dispatchable_generation"", ""ieee123_opendss::73::pv"", ""ieee123_opendss::76::dispatchable_generation"", ""ieee123_opendss::87::bess"", ""ieee123_opendss::87::dispatchable_generation"", ""ieee123_opendss::87::pv""]",4369613.798769372,4369613.798769372,0.9639761142055283,True,-1.005611199544851,0.016343000112101436,scipy.optimize.minimize(SLSQP) relaxation + hard-feasible projection,ieee123_global_master_shared_recourse_v2,results/phase3/sc_cmpo/budget_master_v2/system_traces/slsqp_selected_cost__3b703f40df__rank_01__16b5c2c0ba602c41b832.json,system-8952203431c7cceeae78,135.0,615.0,0.927027027027027,0.17621776504297995,24.0,0.045537833124399185,135.0,773.0,0.927027027027027
classical Benders master,low_cost_catalog_step,2114027.8922130284,1,dc9a6950e48e0da4f02b,11,"[""ieee123_opendss::100::dispatchable_generation"", ""ieee123_opendss::113::dispatchable_generation"", ""ieee123_opendss::16::dispatchable_generation"", ""ieee123_opendss::28::dispatchable_generation"", ""ieee123_opendss::48::dispatchable_generation"", ""ieee123_opendss::65::dispatchable_generation"", ""ieee123_opendss::69::dispatchable_generation"", ""ieee123_opendss::6::dispatchable_generation"", ""ieee123_opendss::73::dispatchable_generation"", ""ieee123_opendss::76::dispatchable_generation"", ""ieee123_opendss::87::dispatchable_generation""]",2032032.0,2032032.0,0.9612134293426031,True,-1.0000637227011817,0.0026853331364691257,HiGHS binary master with eight aggregated scenario optimality cuts,ieee123_global_master_shared_recourse_v2,results/phase3/sc_cmpo/budget_master_v2/system_traces/low_cost_catalog_step__7d9e61fe7b__rank_01__dc9a6950e48e0da4f02b.json,system-61a859fb026550e3acf0,135.0,615.0,0.927027027027027,0.17621776504297995,24.0,0.02980470797047019,135.0,773.0,0.927027027027027
classical Benders master,minimum_feasible_islanding,2032032.0,1,dc9a6950e48e0da4f02b,11,"[""ieee123_opendss::100::dispatchable_generation"", ""ieee123_opendss::113::dispatchable_generation"", ""ieee123_opendss::16::dispatchable_generation"", ""ieee123_opendss::28::dispatchable_generation"", ""ieee123_opendss::48::dispatchable_generation"", ""ieee123_opendss::65::dispatchable_generation"", ""ieee123_opendss::69::dispatchable_generation"", ""ieee123_opendss::6::dispatchable_generation"", ""ieee123_opendss::73::dispatchable_generation"", ""ieee123_opendss::76::dispatchable_generation"", ""ieee123_opendss::87::dispatchable_generation""]",2032032.0,2032032.0,1.0,True,-1.3058808939180302,0.0018973329570144415,HiGHS binary master with eight aggregated scenario optimality cuts,ieee123_global_master_shared_recourse_v2,results/phase3/sc_cmpo/budget_master_v2/system_traces/minimum_feasible_islanding__7d9e61fe7b__rank_01__dc9a6950e48e0da4f02b.json,system-61a859fb026550e3acf0,135.0,615.0,0.927027027027027,0.17621776504297995,24.0,0.030128207989037037,135.0,773.0,0.927027027027027
classical Benders master,post_slsqp_catalog_step,5149457.112497372,1,add73ca2c86b88dba641,28,"[""ieee123_opendss::100::bess"", ""ieee123_opendss::100::dispatchable_generation"", ""ieee123_opendss::100::pv"", ""ieee123_opendss::113::bess"", ""ieee123_opendss::113::dispatchable_generation"", ""ieee123_opendss::113::pv"", ""ieee123_opendss::16::bess"", ""ieee123_opendss::16::dispatchable_generation"", ""ieee123_opendss::16::pv"", ""ieee123_opendss::28::bess"", ""ieee123_opendss::28::dispatchable_generation"", ""ieee123_opendss::28::pv"", ""ieee123_opendss::48::dispatchable_generation"", ""ieee123_opendss::65::dispatchable_generation"", ""ieee123_opendss::69::bess"", ""ieee123_opendss::69::dispatchable_generation"", ""ieee123_opendss::69::pv"", ""ieee123_opendss::6::bess"", ""ieee123_opendss::6::dispatchable_generation"", ""ieee123_opendss::6::pv"", ""ieee123_opendss::73::bess"", ""ieee123_opendss::73::dispatchable_generation"", ""ieee123_opendss::73::pv"", ""ieee123_opendss::76::dispatchable_generation"", ""ieee123_opendss::76::pv"", ""ieee123_opendss::87::bess"", ""ieee123_opendss::87::dispatchable_generation"", ""ieee123_opendss::87::pv""]",5017632.650852267,5017632.650852267,0.9744003185646161,True,-1.0356310039867613,0.0017102500423789024,HiGHS binary master with eight aggregated scenario optimality cuts,ieee123_global_master_shared_recourse_v2,results/phase3/sc_cmpo/budget_master_v2/system_traces/post_slsqp_catalog_step__7d9e61fe7b__rank_01__add73ca2c86b88dba641.json,system-57c0013607f7156b84cd,135.0,615.0,0.927027027027027,0.17621776504297995,24.0,0.031765042105689645,135.0,773.0,0.927027027027027
classical Benders master,pv_catalog_midpoint,3097978.598769372,1,05503af8bb45e3364f7f,19,"[""ieee123_opendss::100::dispatchable_generation"", ""ieee123_opendss::113::bess"", ""ieee123_opendss::113::dispatchable_generation"", ""ieee123_opendss::113::pv"", ""ieee123_opendss::16::bess"", ""ieee123_opendss::16::dispatchable_generation"", ""ieee123_opendss::16::pv"", ""ieee123_opendss::28::dispatchable_generation"", ""ieee123_opendss::48::dispatchable_generation"", ""ieee123_opendss::65::dispatchable_generation"", ""ieee123_opendss::69::dispatchable_generation"", ""ieee123_opendss::6::bess"", ""ieee123_opendss::6::dispatchable_generation"", ""ieee123_opendss::6::pv"", ""ieee123_opendss::73::dispatchable_generation"", ""ieee123_opendss::76::dispatchable_generation"", ""ieee123_opendss::87::bess"", ""ieee123_opendss::87::dispatchable_generation"", ""ieee123_opendss::87::pv""]",3085893.8251361526,3085893.8251361526,0.9960991423123389,True,-1.116527947792342,0.0029437080956995487,HiGHS binary master with eight aggregated scenario optimality cuts,ieee123_global_master_shared_recourse_v2,results/phase3/sc_cmpo/budget_master_v2/system_traces/pv_catalog_midpoint__7d9e61fe7b__rank_01__05503af8bb45e3364f7f.json,system-a5aa73847398dcad25d4,135.0,615.0,0.927027027027027,0.17621776504297995,24.0,0.032866124995052814,135.0,773.0,0.927027027027027
classical Benders master,qci_selected_cost,5602175.318543635,1,0244fc03097c70e0fae4,29,"[""ieee123_opendss::100::bess"", ""ieee123_opendss::100::dispatchable_generation"", ""ieee123_opendss::100::pv"", ""ieee123_opendss::113::bess"", ""ieee123_opendss::113::dispatchable_generation"", ""ieee123_opendss::113::pv"", ""ieee123_opendss::16::bess"", ""ieee123_opendss::16::dispatchable_generation"", ""ieee123_opendss::16::pv"", ""ieee123_opendss::28::bess"", ""ieee123_opendss::28::dispatchable_generation"", ""ieee123_opendss::28::pv"", ""ieee123_opendss::48::dispatchable_generation"", ""ieee123_opendss::65::dispatchable_generation"", ""ieee123_opendss::65::pv"", ""ieee123_opendss::69::bess"", ""ieee123_opendss::69::dispatchable_generation"", ""ieee123_opendss::69::pv"", ""ieee123_opendss::6::bess"", ""ieee123_opendss::6::dispatchable_generation"", ""ieee123_opendss::6::pv"", ""ieee123_opendss::73::bess"", ""ieee123_opendss::73::dispatchable_generation"", ""ieee123_opendss::73::pv"", ""ieee123_opendss::76::bess"", ""ieee123_opendss::76::dispatchable_generation"", ""ieee123_opendss::87::bess"", ""ieee123_opendss::87::dispatchable_generation"", ""ieee123_opendss::87::pv""]",5584783.27779901,5584783.27779901,0.9968954843867424,True,-1.0674132017223301,0.0019523750524967909,HiGHS binary master with eight aggregated scenario optimality cuts,ieee123_global_master_shared_recourse_v2,results/phase3/sc_cmpo/budget_master_v2/system_traces/qci_selected_cost__7d9e61fe7b__rank_01__0244fc03097c70e0fae4.json,system-4b0a57a11d513081cdb0,135.0,615.0,0.927027027027027,0.17621776504297995,24.0,0.03156350017525256,135.0,773.0,0.927027027027027
classical Benders master,slsqp_selected_cost,4532906.712497371,1,51d4821ccf88894085c5,26,"[""ieee123_opendss::100::bess"", ""ieee123_opendss::100::dispatchable_generation"", ""ieee123_opendss::100::pv"", ""ieee123_opendss::113::bess"", ""ieee123_opendss::113::dispatchable_generation"", ""ieee123_opendss::113::pv"", ""ieee123_opendss::16::bess"", ""ieee123_opendss::16::dispatchable_generation"", ""ieee123_opendss::16::pv"", ""ieee123_opendss::28::bess"", ""ieee123_opendss::28::dispatchable_generation"", ""ieee123_opendss::28::pv"", ""ieee123_opendss::48::dispatchable_generation"", ""ieee123_opendss::65::dispatchable_generation"", ""ieee123_opendss::69::bess"", ""ieee123_opendss::69::dispatchable_generation"", ""ieee123_opendss::69::pv"", ""ieee123_opendss::6::bess"", ""ieee123_opendss::6::dispatchable_generation"", ""ieee123_opendss::73::bess"", ""ieee123_opendss::73::dispatchable_generation"", ""ieee123_opendss::73::pv"", ""ieee123_opendss::76::dispatchable_generation"", ""ieee123_opendss::87::bess"", ""ieee123_opendss::87::dispatchable_generation"", ""ieee123_opendss::87::pv""]",4518824.306556343,4518824.306556343,0.996893294560375,True,-1.005611199544851,0.0019144159741699696,HiGHS binary master with eight aggregated scenario optimality cuts,ieee123_global_master_shared_recourse_v2,results/phase3/sc_cmpo/budget_master_v2/system_traces/slsqp_selected_cost__7d9e61fe7b__rank_01__51d4821ccf88894085c5.json,system-595dbd78cc6cb6197b36,135.0,615.0,0.927027027027027,0.17621776504297995,24.0,0.04626787407323718,135.0,773.0,0.927027027027027
exact MILP or CP-SAT upgrade master,low_cost_catalog_step,2114027.8922130284,1,dc9a6950e48e0da4f02b,11,"[""ieee123_opendss::100::dispatchable_generation"", ""ieee123_opendss::113::dispatchable_generation"", ""ieee123_opendss::16::dispatchable_generation"", ""ieee123_opendss::28::dispatchable_generation"", ""ieee123_opendss::48::dispatchable_generation"", ""ieee123_opendss::65::dispatchable_generation"", ""ieee123_opendss::69::dispatchable_generation"", ""ieee123_opendss::6::dispatchable_generation"", ""ieee123_opendss::73::dispatchable_generation"", ""ieee123_opendss::76::dispatchable_generation"", ""ieee123_opendss::87::dispatchable_generation""]",2032032.0,2032032.0,0.9612134293426031,True,-1.0000637227011817,0.00263008289039135,scipy.optimize.milp (HiGHS exact binary master),ieee123_global_master_shared_recourse_v2,results/phase3/sc_cmpo/budget_master_v2/system_traces/low_cost_catalog_step__6d64e40a0b__rank_01__dc9a6950e48e0da4f02b.json,system-ed5a654d8282a5b3d94c,135.0,615.0,0.927027027027027,0.17621776504297995,24.0,0.030211290810257196,135.0,773.0,0.927027027027027
exact MILP or CP-SAT upgrade master,minimum_feasible_islanding,2032032.0,1,dc9a6950e48e0da4f02b,11,"[""ieee123_opendss::100::dispatchable_generation"", ""ieee123_opendss::113::dispatchable_generation"", ""ieee123_opendss::16::dispatchable_generation"", ""ieee123_opendss::28::dispatchable_generation"", ""ieee123_opendss::48::dispatchable_generation"", ""ieee123_opendss::65::dispatchable_generation"", ""ieee123_opendss::69::dispatchable_generation"", ""ieee123_opendss::6::dispatchable_generation"", ""ieee123_opendss::73::dispatchable_generation"", ""ieee123_opendss::76::dispatchable_generation"", ""ieee123_opendss::87::dispatchable_generation""]",2032032.0,2032032.0,1.0,True,-1.3058808939180302,0.0016609590966254473,scipy.optimize.milp (HiGHS exact binary master),ieee123_global_master_shared_recourse_v2,results/phase3/sc_cmpo/budget_master_v2/system_traces/minimum_feasible_islanding__6d64e40a0b__rank_01__dc9a6950e48e0da4f02b.json,system-ed5a654d8282a5b3d94c,135.0,615.0,0.927027027027027,0.17621776504297995,24.0,0.03153912629932165,135.0,773.0,0.927027027027027
exact MILP or CP-SAT upgrade master,post_slsqp_catalog_step,5149457.112497372,1,add73ca2c86b88dba641,28,"[""ieee123_opendss::100::bess"", ""ieee123_opendss::100::dispatchable_generation"", ""ieee123_opendss::100::pv"", ""ieee123_opendss::113::bess"", ""ieee123_opendss::113::dispatchable_generation"", ""ieee123_opendss::113::pv"", ""ieee123_opendss::16::bess"", ""ieee123_opendss::16::dispatchable_generation"", ""ieee123_opendss::16::pv"", ""ieee123_opendss::28::bess"", ""ieee123_opendss::28::dispatchable_generation"", ""ieee123_opendss::28::pv"", ""ieee123_opendss::48::dispatchable_generation"", ""ieee123_opendss::65::dispatchable_generation"", ""ieee123_opendss::69::bess"", ""ieee123_opendss::69::dispatchable_generation"", ""ieee123_opendss::69::pv"", ""ieee123_opendss::6::bess"", ""ieee123_opendss::6::dispatchable_generation"", ""ieee123_opendss::6::pv"", ""ieee123_opendss::73::bess"", ""ieee123_opendss::73::dispatchable_generation"", ""ieee123_opendss::73::pv"", ""ieee123_opendss::76::dispatchable_generation"", ""ieee123_opendss::76::pv"", ""ieee123_opendss::87::bess"", ""ieee123_opendss::87::dispatchable_generation"", ""ieee123_opendss::87::pv""]",5017632.650852267,5017632.650852267,0.9744003185646161,True,-1.0356310039867613,0.0017832498997449875,scipy.optimize.milp (HiGHS exact binary master),ieee123_global_master_shared_recourse_v2,results/phase3/sc_cmpo/budget_master_v2/system_traces/post_slsqp_catalog_step__6d64e40a0b__rank_01__add73ca2c86b88dba641.json,system-33190702736de6237238,135.0,615.0,0.927027027027027,0.17621776504297995,24.0,0.030709290876984596,135.0,773.0,0.927027027027027
exact MILP or CP-SAT upgrade master,pv_catalog_midpoint,3097978.598769372,1,05503af8bb45e3364f7f,19,"[""ieee123_opendss::100::dispatchable_generation"", ""ieee123_opendss::113::bess"", ""ieee123_opendss::113::dispatchable_generation"", ""ieee123_opendss::113::pv"", ""ieee123_opendss::16::bess"", ""ieee123_opendss::16::dispatchable_generation"", ""ieee123_opendss::16::pv"", ""ieee123_opendss::28::dispatchable_generation"", ""ieee123_opendss::48::dispatchable_generation"", ""ieee123_opendss::65::dispatchable_generation"", ""ieee123_opendss::69::dispatchable_generation"", ""ieee123_opendss::6::bess"", ""ieee123_opendss::6::dispatchable_generation"", ""ieee123_opendss::6::pv"", ""ieee123_opendss::73::dispatchable_generation"", ""ieee123_opendss::76::dispatchable_generation"", ""ieee123_opendss::87::bess"", ""ieee123_opendss::87::dispatchable_generation"", ""ieee123_opendss::87::pv""]",3085893.8251361526,3085893.8251361526,0.9960991423123389,True,-1.116527947792342,0.003369417041540146,scipy.optimize.milp (HiGHS exact binary master),ieee123_global_master_shared_recourse_v2,results/phase3/sc_cmpo/budget_master_v2/system_traces/pv_catalog_midpoint__6d64e40a0b__rank_01__05503af8bb45e3364f7f.json,system-9a40f7dfb2ba0d49180b,135.0,615.0,0.927027027027027,0.17621776504297995,24.0,0.03278308408334851,135.0,773.0,0.927027027027027
exact MILP or CP-SAT upgrade master,qci_selected_cost,5602175.318543635,1,0244fc03097c70e0fae4,29,"[""ieee123_opendss::100::bess"", ""ieee123_opendss::100::dispatchable_generation"", ""ieee123_opendss::100::pv"", ""ieee123_opendss::113::bess"", ""ieee123_opendss::113::dispatchable_generation"", ""ieee123_opendss::113::pv"", ""ieee123_opendss::16::bess"", ""ieee123_opendss::16::dispatchable_generation"", ""ieee123_opendss::16::pv"", ""ieee123_opendss::28::bess"", ""ieee123_opendss::28::dispatchable_generation"", ""ieee123_opendss::28::pv"", ""ieee123_opendss::48::dispatchable_generation"", ""ieee123_opendss::65::dispatchable_generation"", ""ieee123_opendss::65::pv"", ""ieee123_opendss::69::bess"", ""ieee123_opendss::69::dispatchable_generation"", ""ieee123_opendss::69::pv"", ""ieee123_opendss::6::bess"", ""ieee123_opendss::6::dispatchable_generation"", ""ieee123_opendss::6::pv"", ""ieee123_opendss::73::bess"", ""ieee123_opendss::73::dispatchable_generation"", ""ieee123_opendss::73::pv"", ""ieee123_opendss::76::bess"", ""ieee123_opendss::76::dispatchable_generation"", ""ieee123_opendss::87::bess"", ""ieee123_opendss::87::dispatchable_generation"", ""ieee123_opendss::87::pv""]",5584783.27779901,5584783.27779901,0.9968954843867424,True,-1.0674132017223301,0.0019427500665187836,scipy.optimize.milp (HiGHS exact binary master),ieee123_global_master_shared_recourse_v2,results/phase3/sc_cmpo/budget_master_v2/system_traces/qci_selected_cost__6d64e40a0b__rank_01__0244fc03097c70e0fae4.json,system-00966da417e805a95f93,135.0,615.0,0.927027027027027,0.17621776504297995,24.0,0.030556624988093972,135.0,773.0,0.927027027027027
exact MILP or CP-SAT upgrade master,slsqp_selected_cost,4532906.712497371,1,51d4821ccf88894085c5,26,"[""ieee123_opendss::100::bess"", ""ieee123_opendss::100::dispatchable_generation"", ""ieee123_opendss::100::pv"", ""ieee123_opendss::113::bess"", ""ieee123_opendss::113::dispatchable_generation"", ""ieee123_opendss::113::pv"", ""ieee123_opendss::16::bess"", ""ieee123_opendss::16::dispatchable_generation"", ""ieee123_opendss::16::pv"", ""ieee123_opendss::28::bess"", ""ieee123_opendss::28::dispatchable_generation"", ""ieee123_opendss::28::pv"", ""ieee123_opendss::48::dispatchable_generation"", ""ieee123_opendss::65::dispatchable_generation"", ""ieee123_opendss::69::bess"", ""ieee123_opendss::69::dispatchable_generation"", ""ieee123_opendss::69::pv"", ""ieee123_opendss::6::bess"", ""ieee123_opendss::6::dispatchable_generation"", ""ieee123_opendss::73::bess"", ""ieee123_opendss::73::dispatchable_generation"", ""ieee123_opendss::73::pv"", ""ieee123_opendss::76::dispatchable_generation"", ""ieee123_opendss::87::bess"", ""ieee123_opendss::87::dispatchable_generation"", ""ieee123_opendss::87::pv""]",4518824.306556343,4518824.306556343,0.996893294560375,True,-1.005611199544851,0.0019260419066995382,scipy.optimize.milp (HiGHS exact binary master),ieee123_global_master_shared_recourse_v2,results/phase3/sc_cmpo/budget_master_v2/system_traces/slsqp_selected_cost__6d64e40a0b__rank_01__51d4821ccf88894085c5.json,system-33e3252e12ea1960e3dc,135.0,615.0,0.927027027027027,0.17621776504297995,24.0,0.031103207962587476,135.0,773.0,0.927027027027027
greedy cost-benefit portfolio selection,low_cost_catalog_step,2114027.8922130284,1,dc9a6950e48e0da4f02b,11,"[""ieee123_opendss::100::dispatchable_generation"", ""ieee123_opendss::113::dispatchable_generation"", ""ieee123_opendss::16::dispatchable_generation"", ""ieee123_opendss::28::dispatchable_generation"", ""ieee123_opendss::48::dispatchable_generation"", ""ieee123_opendss::65::dispatchable_generation"", ""ieee123_opendss::69::dispatchable_generation"", ""ieee123_opendss::6::dispatchable_generation"", ""ieee123_opendss::73::dispatchable_generation"", ""ieee123_opendss::76::dispatchable_generation"", ""ieee123_opendss::87::dispatchable_generation""]",2032032.0,2032032.0,0.9612134293426031,True,-1.0000637227011817,0.0008104578591883183,deterministic cost-benefit greedy with hard-feasible repair,ieee123_global_master_shared_recourse_v2,results/phase3/sc_cmpo/budget_master_v2/system_traces/low_cost_catalog_step__c33f0b61c0__rank_01__dc9a6950e48e0da4f02b.json,system-371d917f8b6bc06c81a0,135.0,615.0,0.927027027027027,0.17621776504297995,24.0,0.027473999885842204,135.0,773.0,0.927027027027027
greedy cost-benefit portfolio selection,minimum_feasible_islanding,2032032.0,1,dc9a6950e48e0da4f02b,11,"[""ieee123_opendss::100::dispatchable_generation"", ""ieee123_opendss::113::dispatchable_generation"", ""ieee123_opendss::16::dispatchable_generation"", ""ieee123_opendss::28::dispatchable_generation"", ""ieee123_opendss::48::dispatchable_generation"", ""ieee123_opendss::65::dispatchable_generation"", ""ieee123_opendss::69::dispatchable_generation"", ""ieee123_opendss::6::dispatchable_generation"", ""ieee123_opendss::73::dispatchable_generation"", ""ieee123_opendss::76::dispatchable_generation"", ""ieee123_opendss::87::dispatchable_generation""]",2032032.0,2032032.0,1.0,True,-1.3058808939180302,0.0008112920913845301,deterministic cost-benefit greedy with hard-feasible repair,ieee123_global_master_shared_recourse_v2,results/phase3/sc_cmpo/budget_master_v2/system_traces/minimum_feasible_islanding__c33f0b61c0__rank_01__dc9a6950e48e0da4f02b.json,system-371d917f8b6bc06c81a0,135.0,615.0,0.927027027027027,0.17621776504297995,24.0,0.028301084181293845,135.0,773.0,0.927027027027027
greedy cost-benefit portfolio selection,post_slsqp_catalog_step,5149457.112497372,1,622ea1688cdef6335048,19,"[""ieee123_opendss::100::bess"", ""ieee123_opendss::100::dispatchable_generation"", ""ieee123_opendss::113::dispatchable_generation"", ""ieee123_opendss::16::dispatchable_generation"", ""ieee123_opendss::28::bess"", ""ieee123_opendss::28::dispatchable_generation"", ""ieee123_opendss::48::bess"", ""ieee123_opendss::48::dispatchable_generation"", ""ieee123_opendss::65::bess"", ""ieee123_opendss::65::dispatchable_generation"", ""ieee123_opendss::69::bess"", ""ieee123_opendss::69::dispatchable_generation"", ""ieee123_opendss::6::dispatchable_generation"", ""ieee123_opendss::73::bess"", ""ieee123_opendss::73::dispatchable_generation"", ""ieee123_opendss::76::bess"", ""ieee123_opendss::76::dispatchable_generation"", ""ieee123_opendss::87::bess"", ""ieee123_opendss::87::dispatchable_generation""]",5134051.2,5134051.2,0.997008245304154,True,-1.0356310039867611,0.000900499988347292,deterministic cost-benefit greedy with hard-feasible repair,ieee123_global_master_shared_recourse_v2,results/phase3/sc_cmpo/budget_master_v2/system_traces/post_slsqp_catalog_step__c33f0b61c0__rank_01__622ea1688cdef6335048.json,system-31544b7c54fb2d6d42eb,135.0,615.0,0.927027027027027,0.17621776504297995,24.0,0.032488291850313544,135.0,773.0,0.927027027027027
greedy cost-benefit portfolio selection,pv_catalog_midpoint,3097978.598769372,1,742a215f60b30c13e09d,13,"[""ieee123_opendss::100::dispatchable_generation"", ""ieee123_opendss::113::bess"", ""ieee123_opendss::113::dispatchable_generation"", ""ieee123_opendss::16::dispatchable_generation"", ""ieee123_opendss::28::dispatchable_generation"", ""ieee123_opendss::48::bess"", ""ieee123_opendss::48::dispatchable_generation"", ""ieee123_opendss::65::dispatchable_generation"", ""ieee123_opendss::69::dispatchable_generation"", ""ieee123_opendss::6::dispatchable_generation"", ""ieee123_opendss::73::dispatchable_generation"", ""ieee123_opendss::76::dispatchable_generation"", ""ieee123_opendss::87::dispatchable_generation""]",3062827.2,3062827.2,0.9886534404132633,True,-1.1165279477923415,0.000839125132188201,deterministic cost-benefit greedy with hard-feasible repair,ieee123_global_master_shared_recourse_v2,results/phase3/sc_cmpo/budget_master_v2/system_traces/pv_catalog_midpoint__c33f0b61c0__rank_01__742a215f60b30c13e09d.json,system-d119aa74990eda2a1657,135.0,615.0,0.927027027027027,0.17621776504297995,24.0,0.028129750164225698,135.0,773.0,0.927027027027027
greedy cost-benefit portfolio selection,qci_selected_cost,5602175.318543635,1,98d8677fbf046febbceb,22,"[""ieee123_opendss::100::bess"", ""ieee123_opendss::100::dispatchable_generation"", ""ieee123_opendss::113::bess"", ""ieee123_opendss::113::dispatchable_generation"", ""ieee123_opendss::16::bess"", ""ieee123_opendss::16::dispatchable_generation"", ""ieee123_opendss::28::bess"", ""ieee123_opendss::28::dispatchable_generation"", ""ieee123_opendss::48::bess"", ""ieee123_opendss::48::dispatchable_generation"", ""ieee123_opendss::65::bess"", ""ieee123_opendss::65::dispatchable_generation"", ""ieee123_opendss::69::bess"", ""ieee123_opendss::69::dispatchable_generation"", ""ieee123_opendss::6::bess"", ""ieee123_opendss::6::dispatchable_generation"", ""ieee123_opendss::73::bess"", ""ieee123_opendss::73::dispatchable_generation"", ""ieee123_opendss::76::bess"", ""ieee123_opendss::76::dispatchable_generation"", ""ieee123_opendss::87::bess"", ""ieee123_opendss::87::dispatchable_generation""]",5557929.6,5557929.6,0.9921020467893643,True,-1.0674132017223301,0.0008784579113125801,deterministic cost-benefit greedy with hard-feasible repair,ieee123_global_master_shared_recourse_v2,results/phase3/sc_cmpo/budget_master_v2/system_traces/qci_selected_cost__c33f0b61c0__rank_01__98d8677fbf046febbceb.json,system-14b5867ad5d2470fee85,135.0,615.0,0.927027027027027,0.17621776504297995,24.0,0.02953624981455505,135.0,773.0,0.927027027027027
greedy cost-benefit portfolio selection,slsqp_selected_cost,4532906.712497371,1,baac48fc69720713af8f,16,"[""ieee123_opendss::100::bess"", ""ieee123_opendss::100::dispatchable_generation"", ""ieee123_opendss::113::dispatchable_generation"", ""ieee123_opendss::16::dispatchable_generation"", ""ieee123_opendss::28::bess"", ""ieee123_opendss::28::dispatchable_generation"", ""ieee123_opendss::48::bess"", ""ieee123_opendss::48::dispatchable_generation"", ""ieee123_opendss::65::bess"", ""ieee123_opendss::65::dispatchable_generation"", ""ieee123_opendss::69::dispatchable_generation"", ""ieee123_opendss::6::dispatchable_generation"", ""ieee123_opendss::73::dispatchable_generation"", ""ieee123_opendss::76::bess"", ""ieee123_opendss::76::dispatchable_generation"", ""ieee123_opendss::87::dispatchable_generation""]",4517500.8,4517500.8,0.996601317107432,True,-1.0056111995448507,0.0008842078968882561,deterministic cost-benefit greedy with hard-feasible repair,ieee123_global_master_shared_recourse_v2,results/phase3/sc_cmpo/budget_master_v2/system_traces/slsqp_selected_cost__c33f0b61c0__rank_01__baac48fc69720713af8f.json,system-66992f8afa428371fd9f,135.0,615.0,0.927027027027027,0.17621776504297995,24.0,0.02876412495970726,135.0,773.0,0.927027027027027
