method,budget_id,budget,portfolio_rank,portfolio_signature,selected_asset_count,selected_asset_keys,total_upgrade_cost,reconstructed_upgrade_cost,budget_utilization,feasibility,native_master_energy,master_runtime_seconds,master_backend,recourse_evaluator,trace_path,system_trace_id,critical_ens,total_ens,critical_load_served_fraction,max_fraction_customers_unserved_per_hour,critical_infrastructure_outage_hours,runtime_seconds
QCi global budget master V2,minimum_feasible_islanding,2032032.0,1,dc9a6950e48e0da4f02b,11,"[""ieee123_opendss::100::dispatchable_generation"", ""ieee123_opendss::113::dispatchable_generation"", ""ieee123_opendss::16::dispatchable_generation"", ""ieee123_opendss::28::dispatchable_generation"", ""ieee123_opendss::48::dispatchable_generation"", ""ieee123_opendss::65::dispatchable_generation"", ""ieee123_opendss::69::dispatchable_generation"", ""ieee123_opendss::6::dispatchable_generation"", ""ieee123_opendss::73::dispatchable_generation"", ""ieee123_opendss::76::dispatchable_generation"", ""ieee123_opendss::87::dispatchable_generation""]",2032032.0,2032032.0,1.0,True,-75.7527237,5664.027121500112,QCi Dirac-3 sample-hamiltonian,ieee123_global_master_shared_recourse_v2,results/phase3/sc_cmpo/budget_master_v2/system_traces/minimum_feasible_islanding__6cf4a5dde4__rank_01__dc9a6950e48e0da4f02b.json,system-4061b06420ea53395810,135.0,615.0,0.927027027027027,0.17621776504297995,24.0,5664.056049125036
QCi global budget master V2,low_cost_catalog_step,2114027.8922130284,1,d110be868f056d3c30f6,11,"[""ieee123_opendss::100::dispatchable_generation"", ""ieee123_opendss::113::pv"", ""ieee123_opendss::16::dispatchable_generation"", ""ieee123_opendss::28::dispatchable_generation"", ""ieee123_opendss::48::dispatchable_generation"", ""ieee123_opendss::65::dispatchable_generation"", ""ieee123_opendss::69::dispatchable_generation"", ""ieee123_opendss::6::dispatchable_generation"", ""ieee123_opendss::73::dispatchable_generation"", ""ieee123_opendss::76::dispatchable_generation"", ""ieee123_opendss::87::dispatchable_generation""]",2052527.8562840382,2052527.8562840382,0.970908597679565,True,-1.1732833,387.6376383751631,QCi Dirac-3 sample-hamiltonian,ieee123_global_master_shared_recourse_v2,results/phase3/sc_cmpo/budget_master_v2/system_traces/low_cost_catalog_step__6cf4a5dde4__rank_01__d110be868f056d3c30f6.json,system-9670686553210e5b122c,145.0,625.0,0.9216216216216216,0.1991404011461318,27.0,387.666679084301
QCi global budget master V2,low_cost_catalog_step,2114027.8922130284,2,d4725636623692cf7f84,11,"[""ieee123_opendss::100::dispatchable_generation"", ""ieee123_opendss::113::dispatchable_generation"", ""ieee123_opendss::16::dispatchable_generation"", ""ieee123_opendss::28::pv"", ""ieee123_opendss::48::dispatchable_generation"", ""ieee123_opendss::65::dispatchable_generation"", ""ieee123_opendss::69::dispatchable_generation"", ""ieee123_opendss::6::bess"", ""ieee123_opendss::73::dispatchable_generation"", ""ieee123_opendss::76::dispatchable_generation"", ""ieee123_opendss::87::dispatchable_generation""]",2111754.9844260574,2111754.9844260574,0.9989248449392067,True,-2.5185509,751.0,QCi Dirac-3 sample-hamiltonian,ieee123_global_master_shared_recourse_v2,results/phase3/sc_cmpo/budget_master_v2/system_traces/low_cost_catalog_step__6cf4a5dde4__rank_02__d4725636623692cf7f84.json,system-55e2b3c0e8bed977e447,187.5,667.5,0.8986486486486487,0.21060171919770773,37.0,751.0282544591464
QCi global budget master V2,low_cost_catalog_step,2114027.8922130284,3,8ca6e87851894128b3b6,11,"[""ieee123_opendss::100::dispatchable_generation"", ""ieee123_opendss::113::pv"", ""ieee123_opendss::16::dispatchable_generation"", ""ieee123_opendss::28::pv"", ""ieee123_opendss::48::dispatchable_generation"", ""ieee123_opendss::65::dispatchable_generation"", ""ieee123_opendss::69::dispatchable_generation"", ""ieee123_opendss::6::pv"", ""ieee123_opendss::73::dispatchable_generation"", ""ieee123_opendss::76::dispatchable_generation"", ""ieee123_opendss::87::dispatchable_generation""]",2098643.532923124,2098643.532923124,0.9927227264377294,True,-6.7904267,751.0,QCi Dirac-3 sample-hamiltonian,ieee123_global_master_shared_recourse_v2,results/phase3/sc_cmpo/budget_master_v2/system_traces/low_cost_catalog_step__6cf4a5dde4__rank_03__8ca6e87851894128b3b6.json,system-7340b7b073b8a58bcdc0,167.5,642.5,0.9094594594594595,0.2507163323782235,32.0,751.0312735000625
QCi global budget master V2,low_cost_catalog_step,2114027.8922130284,4,a4ce8bceba3cdbf9a0f2,11,"[""ieee123_opendss::100::dispatchable_generation"", ""ieee123_opendss::113::pv"", ""ieee123_opendss::16::pv"", ""ieee123_opendss::28::dispatchable_generation"", ""ieee123_opendss::48::dispatchable_generation"", ""ieee123_opendss::65::dispatchable_generation"", ""ieee123_opendss::69::dispatchable_generation"", ""ieee123_opendss::6::dispatchable_generation"", ""ieee123_opendss::73::dispatchable_generation"", ""ieee123_opendss::76::dispatchable_generation"", ""ieee123_opendss::87::pv""]",2098643.532923124,2098643.532923124,0.9927227264377294,True,-4.8467331,999.8209022919182,QCi Dirac-3 sample-hamiltonian,ieee123_global_master_shared_recourse_v2,results/phase3/sc_cmpo/budget_master_v2/system_traces/low_cost_catalog_step__6cf4a5dde4__rank_04__a4ce8bceba3cdbf9a0f2.json,system-47d848d124c5e7cdb187,179.0625,611.5625,0.9032094594594594,0.2829512893982808,32.0,999.8483135839924
QCi global budget master V2,low_cost_catalog_step,2114027.8922130284,5,5017c70c007df9632af2,11,"[""ieee123_opendss::100::dispatchable_generation"", ""ieee123_opendss::113::dispatchable_generation"", ""ieee123_opendss::16::pv"", ""ieee123_opendss::28::dispatchable_generation"", ""ieee123_opendss::48::dispatchable_generation"", ""ieee123_opendss::65::dispatchable_generation"", ""ieee123_opendss::69::dispatchable_generation"", ""ieee123_opendss::6::pv"", ""ieee123_opendss::73::pv"", ""ieee123_opendss::76::dispatchable_generation"", ""ieee123_opendss::87::dispatchable_generation""]",2098643.532923124,2098643.532923124,0.9927227264377294,True,-1.2104018,387.6376383751631,QCi Dirac-3 sample-hamiltonian,ieee123_global_master_shared_recourse_v2,results/phase3/sc_cmpo/budget_master_v2/system_traces/low_cost_catalog_step__6cf4a5dde4__rank_05__5017c70c007df9632af2.json,system-bc790b5b9ab260a99ab9,167.5,640.0,0.9094594594594595,0.2507163323782235,31.0,387.68453220813535
QCi global budget master V2,low_cost_catalog_step,2114027.8922130284,6,ae9e49ee85fd2c336211,11,"[""ieee123_opendss::100::dispatchable_generation"", ""ieee123_opendss::113::dispatchable_generation"", ""ieee123_opendss::16::dispatchable_generation"", ""ieee123_opendss::28::dispatchable_generation"", ""ieee123_opendss::48::dispatchable_generation"", ""ieee123_opendss::65::dispatchable_generation"", ""ieee123_opendss::69::pv"", ""ieee123_opendss::6::pv"", ""ieee123_opendss::73::dispatchable_generation"", ""ieee123_opendss::76::dispatchable_generation"", ""ieee123_opendss::87::pv""]",2098643.532923124,2098643.532923124,0.9927227264377294,True,-1.0845389,751.0,QCi Dirac-3 sample-hamiltonian,ieee123_global_master_shared_recourse_v2,results/phase3/sc_cmpo/budget_master_v2/system_traces/low_cost_catalog_step__6cf4a5dde4__rank_06__ae9e49ee85fd2c336211.json,system-1dba1a9be6d7a11cf3a0,179.0625,609.0625,0.9032094594594594,0.2829512893982808,32.0,751.0275153340772
QCi global budget master V2,low_cost_catalog_step,2114027.8922130284,7,7cfc6dd50b8c5c6373ae,11,"[""ieee123_opendss::100::dispatchable_generation"", ""ieee123_opendss::113::dispatchable_generation"", ""ieee123_opendss::16::pv"", ""ieee123_opendss::28::dispatchable_generation"", ""ieee123_opendss::48::dispatchable_generation"", ""ieee123_opendss::65::dispatchable_generation"", ""ieee123_opendss::69::pv"", ""ieee123_opendss::6::dispatchable_generation"", ""ieee123_opendss::73::dispatchable_generation"", ""ieee123_opendss::76::dispatchable_generation"", ""ieee123_opendss::87::pv""]",2103767.4969941336,2103767.4969941336,0.99514651852197,True,-4.5929575,999.8209022919182,QCi Dirac-3 sample-hamiltonian,ieee123_global_master_shared_recourse_v2,results/phase3/sc_cmpo/budget_master_v2/system_traces/low_cost_catalog_step__6cf4a5dde4__rank_07__7cfc6dd50b8c5c6373ae.json,system-08f1b3a4357b9df67858,181.5625,614.0625,0.9018581081081081,0.28868194842406875,32.0,999.8479729169048
QCi global budget master V2,low_cost_catalog_step,2114027.8922130284,8,2b804032dfd7ec70fab5,11,"[""ieee123_opendss::100::pv"", ""ieee123_opendss::113::pv"", ""ieee123_opendss::16::pv"", ""ieee123_opendss::28::dispatchable_generation"", ""ieee123_opendss::48::dispatchable_generation"", ""ieee123_opendss::65::dispatchable_generation"", ""ieee123_opendss::69::dispatchable_generation"", ""ieee123_opendss::6::dispatchable_generation"", ""ieee123_opendss::73::dispatchable_generation"", ""ieee123_opendss::76::dispatchable_generation"", ""ieee123_opendss::87::dispatchable_generation""]",2103767.4969941336,2103767.4969941336,0.99514651852197,True,-3.6296742,387.6376383751631,QCi Dirac-3 sample-hamiltonian,ieee123_global_master_shared_recourse_v2,results/phase3/sc_cmpo/budget_master_v2/system_traces/low_cost_catalog_step__6cf4a5dde4__rank_08__2b804032dfd7ec70fab5.json,system-0803876579744087445e,170.0,647.5,0.9081081081081082,0.25644699140401145,32.0,387.66985787521116
QCi global budget master V2,low_cost_catalog_step,2114027.8922130284,9,111b7fda7f0eebca7ac2,11,"[""ieee123_opendss::100::pv"", ""ieee123_opendss::113::dispatchable_generation"", ""ieee123_opendss::16::dispatchable_generation"", ""ieee123_opendss::28::dispatchable_generation"", ""ieee123_opendss::48::dispatchable_generation"", ""ieee123_opendss::65::dispatchable_generation"", ""ieee123_opendss::69::pv"", ""ieee123_opendss::6::pv"", ""ieee123_opendss::73::dispatchable_generation"", ""ieee123_opendss::76::dispatchable_generation"", ""ieee123_opendss::87::dispatchable_generation""]",2103767.4969941336,2103767.4969941336,0.99514651852197,True,-1.1926291,751.0,QCi Dirac-3 sample-hamiltonian,ieee123_global_master_shared_recourse_v2,results/phase3/sc_cmpo/budget_master_v2/system_traces/low_cost_catalog_step__6cf4a5dde4__rank_09__111b7fda7f0eebca7ac2.json,system-ee3d26797e686a89c386,170.0,645.0,0.9081081081081082,0.25644699140401145,32.0,751.0344724159222
QCi global budget master V2,low_cost_catalog_step,2114027.8922130284,10,b77a8d3a60b9244e3a8a,11,"[""ieee123_opendss::100::dispatchable_generation"", ""ieee123_opendss::113::dispatchable_generation"", ""ieee123_opendss::16::dispatchable_generation"", ""ieee123_opendss::28::dispatchable_generation"", ""ieee123_opendss::48::dispatchable_generation"", ""ieee123_opendss::65::dispatchable_generation"", ""ieee123_opendss::69::dispatchable_generation"", ""ieee123_opendss::6::pv"", ""ieee123_opendss::73::pv"", ""ieee123_opendss::76::dispatchable_generation"", ""ieee123_opendss::87::pv""]",2103767.4969941336,2103767.4969941336,0.99514651852197,True,-1.1693536,751.0,QCi Dirac-3 sample-hamiltonian,ieee123_global_master_shared_recourse_v2,results/phase3/sc_cmpo/budget_master_v2/system_traces/low_cost_catalog_step__6cf4a5dde4__rank_10__b77a8d3a60b9244e3a8a.json,system-e22a00d1e6f919e4071c,181.5625,611.5625,0.9018581081081081,0.28868194842406875,32.0,751.027639582986
QCi global budget master V2,pv_catalog_midpoint,3097978.598769372,1,256684dd4591d41f7537,11,"[""ieee123_opendss::100::bess"", ""ieee123_opendss::113::dispatchable_generation"", ""ieee123_opendss::16::pv"", ""ieee123_opendss::28::bess"", ""ieee123_opendss::48::dispatchable_generation"", ""ieee123_opendss::65::dispatchable_generation"", ""ieee123_opendss::69::pv"", ""ieee123_opendss::6::dispatchable_generation"", ""ieee123_opendss::73::dispatchable_generation"", ""ieee123_opendss::76::dispatchable_generation"", ""ieee123_opendss::87::pv""]",2299684.2969941334,2299684.2969941334,0.7423176835074492,True,-6.6234493,5788.67815470905,QCi Dirac-3 sample-hamiltonian,ieee123_global_master_shared_recourse_v2,results/phase3/sc_cmpo/budget_master_v2/system_traces/pv_catalog_midpoint__6cf4a5dde4__rank_01__256684dd4591d41f7537.json,system-08a84b87d832b27964eb,331.5625,764.0625,0.820777027027027,0.28868194842406875,62.0,5788.705601667054
QCi global budget master V2,pv_catalog_midpoint,3097978.598769372,2,b2a2f5e90724df753e22,11,"[""ieee123_opendss::100::bess"", ""ieee123_opendss::113::dispatchable_generation"", ""ieee123_opendss::16::pv"", ""ieee123_opendss::28::dispatchable_generation"", ""ieee123_opendss::48::dispatchable_generation"", ""ieee123_opendss::65::pv"", ""ieee123_opendss::69::dispatchable_generation"", ""ieee123_opendss::6::dispatchable_generation"", ""ieee123_opendss::73::dispatchable_generation"", ""ieee123_opendss::76::dispatchable_generation"", ""ieee123_opendss::87::pv""]",2250403.555668724,2250403.555668724,0.7264102975284157,True,-14.181757,999.0010147080757,QCi Dirac-3 sample-hamiltonian,ieee123_global_master_shared_recourse_v2,results/phase3/sc_cmpo/budget_master_v2/system_traces/pv_catalog_midpoint__6cf4a5dde4__rank_02__b2a2f5e90724df753e22.json,system-4f44a5ee8b84430f7fdb,256.5625,689.0625,0.8613175675675676,0.3216332378223496,44.0,999.0279955409933
QCi global budget master V2,pv_catalog_midpoint,3097978.598769372,3,d7a3fec4bb6c4a2e482f,11,"[""ieee123_opendss::100::bess"", ""ieee123_opendss::113::dispatchable_generation"", ""ieee123_opendss::16::bess"", ""ieee123_opendss::28::dispatchable_generation"", ""ieee123_opendss::48::dispatchable_generation"", ""ieee123_opendss::65::pv"", ""ieee123_opendss::69::bess"", ""ieee123_opendss::6::dispatchable_generation"", ""ieee123_opendss::73::dispatchable_generation"", ""ieee123_opendss::76::dispatchable_generation"", ""ieee123_opendss::87::bess""]",2432857.479029638,2432857.479029638,0.7853048048802068,True,-11.8439522,999.0010147080757,QCi Dirac-3 sample-hamiltonian,ieee123_global_master_shared_recourse_v2,results/phase3/sc_cmpo/budget_master_v2/system_traces/pv_catalog_midpoint__6cf4a5dde4__rank_03__d7a3fec4bb6c4a2e482f.json,system-4530b6157824cbbeefdf,415.0,895.0,0.7756756756756756,0.2851002865329513,80.0,999.0280927922577
QCi global budget master V2,pv_catalog_midpoint,3097978.598769372,4,2a2a8d232668e0269cc1,11,"[""ieee123_opendss::100::pv"", ""ieee123_opendss::113::bess"", ""ieee123_opendss::16::dispatchable_generation"", ""ieee123_opendss::28::pv"", ""ieee123_opendss::48::bess"", ""ieee123_opendss::65::dispatchable_generation"", ""ieee123_opendss::69::dispatchable_generation"", ""ieee123_opendss::6::dispatchable_generation"", ""ieee123_opendss::73::dispatchable_generation"", ""ieee123_opendss::76::dispatchable_generation"", ""ieee123_opendss::87::dispatchable_generation""]",2530250.768852114,2530250.768852114,0.816742494559911,True,-1.7945001,4289.175403750036,QCi Dirac-3 sample-hamiltonian,ieee123_global_master_shared_recourse_v2,results/phase3/sc_cmpo/budget_master_v2/system_traces/pv_catalog_midpoint__6cf4a5dde4__rank_04__2a2a8d232668e0269cc1.json,system-f44f4e6bbf9eb49e7c7b,499.375,979.375,0.7300675675675675,0.32951289398280803,60.0,4289.202094084118
QCi global budget master V2,pv_catalog_midpoint,3097978.598769372,5,bb0566c3af2909706f03,11,"[""ieee123_opendss::100::dispatchable_generation"", ""ieee123_opendss::113::pv"", ""ieee123_opendss::16::pv"", ""ieee123_opendss::28::bess"", ""ieee123_opendss::48::dispatchable_generation"", ""ieee123_opendss::65::dispatchable_generation"", ""ieee123_opendss::69::pv"", ""ieee123_opendss::6::dispatchable_generation"", ""ieee123_opendss::73::bess"", ""ieee123_opendss::76::pv"", ""ieee123_opendss::87::dispatchable_generation""]",2372700.7850060193,2372700.7850060193,0.7658867578841704,True,-18.2085724,5788.67815470905,QCi Dirac-3 sample-hamiltonian,ieee123_global_master_shared_recourse_v2,results/phase3/sc_cmpo/budget_master_v2/system_traces/pv_catalog_midpoint__6cf4a5dde4__rank_05__bb0566c3af2909706f03.json,system-b336b757851d9b3daf62,354.375,786.875,0.808445945945946,0.34097421203438394,64.0,5788.705110917101
QCi global budget master V2,pv_catalog_midpoint,3097978.598769372,6,bc39838684d4dc2f17be,11,"[""ieee123_opendss::100::bess"", ""ieee123_opendss::113::dispatchable_generation"", ""ieee123_opendss::16::dispatchable_generation"", ""ieee123_opendss::28::pv"", ""ieee123_opendss::48::dispatchable_generation"", ""ieee123_opendss::65::dispatchable_generation"", ""ieee123_opendss::69::bess"", ""ieee123_opendss::6::pv"", ""ieee123_opendss::73::dispatchable_generation"", ""ieee123_opendss::76::pv"", ""ieee123_opendss::87::pv""]",2361498.3490770287,2361498.3490770287,0.7622707109775065,True,-10.8987083,999.0010147080757,QCi Dirac-3 sample-hamiltonian,ieee123_global_master_shared_recourse_v2,results/phase3/sc_cmpo/budget_master_v2/system_traces/pv_catalog_midpoint__6cf4a5dde4__rank_06__bc39838684d4dc2f17be.json,system-e786fcbb857adbf8dece,338.125,768.125,0.8172297297297297,0.332378223495702,62.0,999.0280224580783
QCi global budget master V2,pv_catalog_midpoint,3097978.598769372,7,a9bd14154d1e620fff74,11,"[""ieee123_opendss::100::dispatchable_generation"", ""ieee123_opendss::113::bess"", ""ieee123_opendss::16::pv"", ""ieee123_opendss::28::dispatchable_generation"", ""ieee123_opendss::48::dispatchable_generation"", ""ieee123_opendss::65::pv"", ""ieee123_opendss::69::pv"", ""ieee123_opendss::6::dispatchable_generation"", ""ieee123_opendss::73::dispatchable_generation"", ""ieee123_opendss::76::pv"", ""ieee123_opendss::87::dispatchable_generation""]",2295891.207751619,2295891.207751619,0.7410933079601096,True,-5.5813994,999.0010147080757,QCi Dirac-3 sample-hamiltonian,ieee123_global_master_shared_recourse_v2,results/phase3/sc_cmpo/budget_master_v2/system_traces/pv_catalog_midpoint__6cf4a5dde4__rank_07__a9bd14154d1e620fff74.json,system-f0c0a26c56a127d33c62,256.875,689.375,0.8611486486486486,0.37965616045845274,46.0,999.0280976672657
QCi global budget master V2,pv_catalog_midpoint,3097978.598769372,8,529db5550266fddce23b,11,"[""ieee123_opendss::100::dispatchable_generation"", ""ieee123_opendss::113::pv"", ""ieee123_opendss::16::dispatchable_generation"", ""ieee123_opendss::28::bess"", ""ieee123_opendss::48::bess"", ""ieee123_opendss::65::dispatchable_generation"", ""ieee123_opendss::69::pv"", ""ieee123_opendss::6::bess"", ""ieee123_opendss::73::bess"", ""ieee123_opendss::76::dispatchable_generation"", ""ieee123_opendss::87::dispatchable_generation""]",2694469.2766390857,2694469.2766390857,0.86975077158681,True,-9.1899633,4289.175403750036,QCi Dirac-3 sample-hamiltonian,ieee123_global_master_shared_recourse_v2,results/phase3/sc_cmpo/budget_master_v2/system_traces/pv_catalog_midpoint__6cf4a5dde4__rank_08__529db5550266fddce23b.json,system-38ec3dafbbd33b04073e,629.375,1109.375,0.6597972972972973,0.39255014326647564,85.0,4289.202706375159
QCi global budget master V2,pv_catalog_midpoint,3097978.598769372,9,6ca42c45e6bda7e99fec,11,"[""ieee123_opendss::100::pv"", ""ieee123_opendss::113::bess"", ""ieee123_opendss::16::bess"", ""ieee123_opendss::28::dispatchable_generation"", ""ieee123_opendss::48::pv"", ""ieee123_opendss::65::dispatchable_generation"", ""ieee123_opendss::69::bess"", ""ieee123_opendss::6::dispatchable_generation"", ""ieee123_opendss::73::dispatchable_generation"", ""ieee123_opendss::76::dispatchable_generation"", ""ieee123_opendss::87::pv""]",2417208.987396572,2417208.987396572,0.7802536106468824,True,-15.0076361,4289.175403750036,QCi Dirac-3 sample-hamiltonian,ieee123_global_master_shared_recourse_v2,results/phase3/sc_cmpo/budget_master_v2/system_traces/pv_catalog_midpoint__6cf4a5dde4__rank_09__6ca42c45e6bda7e99fec.json,system-37694465a43c14448441,393.4375,820.9375,0.7873310810810811,0.40186246418338106,73.0,4289.20240329206
QCi global budget master V2,pv_catalog_midpoint,3097978.598769372,10,a3cf336f69ba87c6617b,11,"[""ieee123_opendss::100::pv"", ""ieee123_opendss::113::dispatchable_generation"", ""ieee123_opendss::16::pv"", ""ieee123_opendss::28::pv"", ""ieee123_opendss::48::pv"", ""ieee123_opendss::65::dispatchable_generation"", ""ieee123_opendss::69::dispatchable_generation"", ""ieee123_opendss::6::bess"", ""ieee123_opendss::73::dispatchable_generation"", ""ieee123_opendss::76::dispatchable_generation"", ""ieee123_opendss::87::bess""]",2361196.8077516193,2361196.8077516193,0.7621733761135636,True,-3.1693726,999.0010147080757,QCi Dirac-3 sample-hamiltonian,ieee123_global_master_shared_recourse_v2,results/phase3/sc_cmpo/budget_master_v2/system_traces/pv_catalog_midpoint__6cf4a5dde4__rank_10__a3cf336f69ba87c6617b.json,system-196f947f20bae1b7752a,349.375,819.375,0.8111486486486487,0.42120343839541546,61.0,999.0278231250122
QCi global budget master V2,slsqp_selected_cost,4532906.712497371,1,6fa2fed52b07eebcf83b,11,"[""ieee123_opendss::100::dispatchable_generation"", ""ieee123_opendss::113::dispatchable_generation"", ""ieee123_opendss::16::pv"", ""ieee123_opendss::28::pv"", ""ieee123_opendss::48::dispatchable_generation"", ""ieee123_opendss::65::dispatchable_generation"", ""ieee123_opendss::69::pv"", ""ieee123_opendss::6::pv"", ""ieee123_opendss::73::dispatchable_generation"", ""ieee123_opendss::76::dispatchable_generation"", ""ieee123_opendss::87::dispatchable_generation""]",2124263.3532781717,2124263.3532781717,0.4686316061659748,True,-1.2100594,999.0240975001361,QCi Dirac-3 sample-hamiltonian,ieee123_global_master_shared_recourse_v2,results/phase3/sc_cmpo/budget_master_v2/system_traces/slsqp_selected_cost__6cf4a5dde4__rank_01__6fa2fed52b07eebcf83b.json,system-17117e87b3f5259a1654,180.0,652.5,0.9027027027027027,0.2793696275071633,34.0,999.0508792921901
QCi global budget master V2,slsqp_selected_cost,4532906.712497371,2,5aa92abdd764605e19b8,11,"[""ieee123_opendss::100::bess"", ""ieee123_opendss::113::dispatchable_generation"", ""ieee123_opendss::16::pv"", ""ieee123_opendss::28::pv"", ""ieee123_opendss::48::dispatchable_generation"", ""ieee123_opendss::65::dispatchable_generation"", ""ieee123_opendss::69::bess"", ""ieee123_opendss::6::dispatchable_generation"", ""ieee123_opendss::73::pv"", ""ieee123_opendss::76::dispatchable_generation"", ""ieee123_opendss::87::bess""]",2375237.8251361526,2375237.8251361526,0.523998832490319,True,-3.188334,999.0240975001361,QCi Dirac-3 sample-hamiltonian,ieee123_global_master_shared_recourse_v2,results/phase3/sc_cmpo/budget_master_v2/system_traces/slsqp_selected_cost__6cf4a5dde4__rank_02__5aa92abdd764605e19b8.json,system-38838c3c562b8f32e9af,392.5,870.0,0.7878378378378378,0.29083094555873923,78.0,999.0511716252659
QCi global budget master V2,slsqp_selected_cost,4532906.712497371,3,cd44bda9c9096eb4ca21,11,"[""ieee123_opendss::100::pv"", ""ieee123_opendss::113::dispatchable_generation"", ""ieee123_opendss::16::dispatchable_generation"", ""ieee123_opendss::28::dispatchable_generation"", ""ieee123_opendss::48::dispatchable_generation"", ""ieee123_opendss::65::pv"", ""ieee123_opendss::69::bess"", ""ieee123_opendss::6::bess"", ""ieee123_opendss::73::dispatchable_generation"", ""ieee123_opendss::76::dispatchable_generation"", ""ieee123_opendss::87::bess""]",2349316.463455695,2349316.463455695,0.5182803469082109,True,-1.5307603,2800.8344675840344,QCi Dirac-3 sample-hamiltonian,ieee123_global_master_shared_recourse_v2,results/phase3/sc_cmpo/budget_master_v2/system_traces/slsqp_selected_cost__6cf4a5dde4__rank_03__cd44bda9c9096eb4ca21.json,system-5c8803006c7c8b8b2bbd,342.5,822.5,0.8148648648648649,0.29512893982808025,68.0,2800.8619950839784
QCi global budget master V2,slsqp_selected_cost,4532906.712497371,4,e1118269654ea86697e1,11,"[""ieee123_opendss::100::bess"", ""ieee123_opendss::113::dispatchable_generation"", ""ieee123_opendss::16::bess"", ""ieee123_opendss::28::bess"", ""ieee123_opendss::48::dispatchable_generation"", ""ieee123_opendss::65::pv"", ""ieee123_opendss::69::pv"", ""ieee123_opendss::6::dispatchable_generation"", ""ieee123_opendss::73::dispatchable_generation"", ""ieee123_opendss::76::dispatchable_generation"", ""ieee123_opendss::87::bess""]",2474803.699384686,2474803.699384686,0.5459639600703831,True,-1.1260126,5610.073110625148,QCi Dirac-3 sample-hamiltonian,ieee123_global_master_shared_recourse_v2,results/phase3/sc_cmpo/budget_master_v2/system_traces/slsqp_selected_cost__6cf4a5dde4__rank_04__e1118269654ea86697e1.json,system-7ff0f33bd6b2046954c3,440.0,920.0,0.7621621621621621,0.29083094555873923,83.0,5610.10047062533
QCi global budget master V2,slsqp_selected_cost,4532906.712497371,5,50e8bfb5c3be108f423f,11,"[""ieee123_opendss::100::dispatchable_generation"", ""ieee123_opendss::113::pv"", ""ieee123_opendss::16::bess"", ""ieee123_opendss::28::bess"", ""ieee123_opendss::48::pv"", ""ieee123_opendss::65::dispatchable_generation"", ""ieee123_opendss::69::bess"", ""ieee123_opendss::6::bess"", ""ieee123_opendss::73::dispatchable_generation"", ""ieee123_opendss::76::dispatchable_generation"", ""ieee123_opendss::87::dispatchable_generation""]",2462973.2388995048,2462973.2388995048,0.5433540540574125,True,-2.5212252,5610.073110625148,QCi Dirac-3 sample-hamiltonian,ieee123_global_master_shared_recourse_v2,results/phase3/sc_cmpo/budget_master_v2/system_traces/slsqp_selected_cost__6cf4a5dde4__rank_05__50e8bfb5c3be108f423f.json,system-86e305732f01195adb9b,426.875,899.375,0.7692567567567568,0.32951289398280803,80.0,5610.100329209119
QCi global budget master V2,slsqp_selected_cost,4532906.712497371,6,a74b4735b58f4abff174,11,"[""ieee123_opendss::100::bess"", ""ieee123_opendss::113::dispatchable_generation"", ""ieee123_opendss::16::pv"", ""ieee123_opendss::28::dispatchable_generation"", ""ieee123_opendss::48::bess"", ""ieee123_opendss::65::dispatchable_generation"", ""ieee123_opendss::69::pv"", ""ieee123_opendss::6::dispatchable_generation"", ""ieee123_opendss::73::bess"", ""ieee123_opendss::76::dispatchable_generation"", ""ieee123_opendss::87::bess""]",2727122.0766390855,2727122.0766390855,0.6016276640153042,True,-1.292645,2800.8344675840344,QCi Dirac-3 sample-hamiltonian,ieee123_global_master_shared_recourse_v2,results/phase3/sc_cmpo/budget_master_v2/system_traces/slsqp_selected_cost__6cf4a5dde4__rank_06__a74b4735b58f4abff174.json,system-f06c25a20f3a68a0bb8f,671.875,1149.375,0.6368243243243243,0.3982808022922636,90.0,2800.86132995924
QCi global budget master V2,slsqp_selected_cost,4532906.712497371,7,b77308216fa09aed5f36,11,"[""ieee123_opendss::100::bess"", ""ieee123_opendss::113::pv"", ""ieee123_opendss::16::bess"", ""ieee123_opendss::28::dispatchable_generation"", ""ieee123_opendss::48::bess"", ""ieee123_opendss::65::bess"", ""ieee123_opendss::69::dispatchable_generation"", ""ieee123_opendss::6::dispatchable_generation"", ""ieee123_opendss::73::dispatchable_generation"", ""ieee123_opendss::76::dispatchable_generation"", ""ieee123_opendss::87::dispatchable_generation""]",2823950.256284038,2823950.256284038,0.6229888315367963,True,-1.2431302,2800.8344675840344,QCi Dirac-3 sample-hamiltonian,ieee123_global_master_shared_recourse_v2,results/phase3/sc_cmpo/budget_master_v2/system_traces/slsqp_selected_cost__6cf4a5dde4__rank_07__b77308216fa09aed5f36.json,system-fee5bf7c60c939335eab,688.75,1168.75,0.6277027027027027,0.42550143266475643,77.0,2800.861348084174
QCi global budget master V2,slsqp_selected_cost,4532906.712497371,8,7a3444a40267a50e0daf,11,"[""ieee123_opendss::100::bess"", ""ieee123_opendss::113::dispatchable_generation"", ""ieee123_opendss::16::pv"", ""ieee123_opendss::28::dispatchable_generation"", ""ieee123_opendss::48::bess"", ""ieee123_opendss::65::dispatchable_generation"", ""ieee123_opendss::69::bess"", ""ieee123_opendss::6::bess"", ""ieee123_opendss::73::dispatchable_generation"", ""ieee123_opendss::76::bess"", ""ieee123_opendss::87::dispatchable_generation""]",2901500.656284038,2901500.656284038,0.6400971474406271,True,-1.2269772,2800.8344675840344,QCi Dirac-3 sample-hamiltonian,ieee123_global_master_shared_recourse_v2,results/phase3/sc_cmpo/budget_master_v2/system_traces/slsqp_selected_cost__6cf4a5dde4__rank_08__7a3444a40267a50e0daf.json,system-012fe358f9d086779834,889.375,1366.875,0.5192567567567568,0.4684813753581662,97.0,2800.861848959001
QCi global budget master V2,slsqp_selected_cost,4532906.712497371,9,5dc75ae2050a9f6455c3,11,"[""ieee123_opendss::100::dispatchable_generation"", ""ieee123_opendss::113::dispatchable_generation"", ""ieee123_opendss::16::dispatchable_generation"", ""ieee123_opendss::28::pv"", ""ieee123_opendss::48::pv"", ""ieee123_opendss::65::dispatchable_generation"", ""ieee123_opendss::69::bess"", ""ieee123_opendss::6::bess"", ""ieee123_opendss::73::pv"", ""ieee123_opendss::76::pv"", ""ieee123_opendss::87::bess""]",2500473.4035504763,2500473.4035504763,0.5516269277407783,True,-1.2579687,999.0240975001361,QCi Dirac-3 sample-hamiltonian,ieee123_global_master_shared_recourse_v2,results/phase3/sc_cmpo/budget_master_v2/system_traces/slsqp_selected_cost__6cf4a5dde4__rank_09__5dc75ae2050a9f6455c3.json,system-e6a8a40ee8fbde6cfa8e,425.0,852.5,0.7702702702702703,0.4799426934097421,73.0,999.0514720831998
QCi global budget master V2,slsqp_selected_cost,4532906.712497371,10,29fc7dbcaaeca5db50d6,11,"[""ieee123_opendss::100::dispatchable_generation"", ""ieee123_opendss::113::pv"", ""ieee123_opendss::16::pv"", ""ieee123_opendss::28::bess"", ""ieee123_opendss::48::pv"", ""ieee123_opendss::65::dispatchable_generation"", ""ieee123_opendss::69::dispatchable_generation"", ""ieee123_opendss::6::dispatchable_generation"", ""ieee123_opendss::73::pv"", ""ieee123_opendss::76::pv"", ""ieee123_opendss::87::pv""]",2422056.352047543,2422056.352047543,0.5343274207187751,True,-1.5819213,2800.8344675840344,QCi Dirac-3 sample-hamiltonian,ieee123_global_master_shared_recourse_v2,results/phase3/sc_cmpo/budget_master_v2/system_traces/slsqp_selected_cost__6cf4a5dde4__rank_10__29fc7dbcaaeca5db50d6.json,system-c01bee7e97e0abf66219,345.0,770.0,0.8135135135135135,0.49140401146131807,53.0,2800.861636583926
QCi global budget master V2,post_slsqp_catalog_step,5149457.112497372,1,384f2e6830c8570c3a06,11,"[""ieee123_opendss::100::dispatchable_generation"", ""ieee123_opendss::113::pv"", ""ieee123_opendss::16::dispatchable_generation"", ""ieee123_opendss::28::dispatchable_generation"", ""ieee123_opendss::48::dispatchable_generation"", ""ieee123_opendss::65::dispatchable_generation"", ""ieee123_opendss::69::dispatchable_generation"", ""ieee123_opendss::6::dispatchable_generation"", ""ieee123_opendss::73::bess"", ""ieee123_opendss::76::dispatchable_generation"", ""ieee123_opendss::87::bess""]",2232118.256284038,2232118.256284038,0.4334667145526552,True,-1.1807215,5087.401613707887,QCi Dirac-3 sample-hamiltonian,ieee123_global_master_shared_recourse_v2,results/phase3/sc_cmpo/budget_master_v2/system_traces/post_slsqp_catalog_step__6cf4a5dde4__rank_01__384f2e6830c8570c3a06.json,system-15c9508e4f43ef388497,300.0,780.0,0.8378378378378378,0.2335243553008596,58.0,5087.428153624758
QCi global budget master V2,post_slsqp_catalog_step,5149457.112497372,2,ff8aa89c35476501aee0,11,"[""ieee123_opendss::100::dispatchable_generation"", ""ieee123_opendss::113::dispatchable_generation"", ""ieee123_opendss::16::dispatchable_generation"", ""ieee123_opendss::28::pv"", ""ieee123_opendss::48::dispatchable_generation"", ""ieee123_opendss::65::dispatchable_generation"", ""ieee123_opendss::69::bess"", ""ieee123_opendss::6::dispatchable_generation"", ""ieee123_opendss::73::pv"", ""ieee123_opendss::76::dispatchable_generation"", ""ieee123_opendss::87::bess""]",2256783.5688521145,2256783.5688521145,0.43825660055990345,True,-3.8191054,5791.399093708955,QCi Dirac-3 sample-hamiltonian,ieee123_global_master_shared_recourse_v2,results/phase3/sc_cmpo/budget_master_v2/system_traces/post_slsqp_catalog_step__6cf4a5dde4__rank_02__ff8aa89c35476501aee0.json,system-e24530043efad024ce7d,307.5,787.5,0.8337837837837838,0.2679083094555874,61.0,5791.426344668027
QCi global budget master V2,post_slsqp_catalog_step,5149457.112497372,3,68a0fc3a03447798f5c8,11,"[""ieee123_opendss::100::bess"", ""ieee123_opendss::113::bess"", ""ieee123_opendss::16::bess"", ""ieee123_opendss::28::bess"", ""ieee123_opendss::48::dispatchable_generation"", ""ieee123_opendss::65::dispatchable_generation"", ""ieee123_opendss::69::dispatchable_generation"", ""ieee123_opendss::6::pv"", ""ieee123_opendss::73::dispatchable_generation"", ""ieee123_opendss::76::dispatchable_generation"", ""ieee123_opendss::87::dispatchable_generation""]",2373931.892213029,2373931.892213029,0.46100624596943673,True,-1.5581892,2036.8526407079771,QCi Dirac-3 sample-hamiltonian,ieee123_global_master_shared_recourse_v2,results/phase3/sc_cmpo/budget_master_v2/system_traces/post_slsqp_catalog_step__6cf4a5dde4__rank_03__68a0fc3a03447798f5c8.json,system-70b1d8760aa366815605,392.5,867.5,0.7878378378378378,0.29083094555873923,81.0,2036.8799290829338
QCi global budget master V2,post_slsqp_catalog_step,5149457.112497372,4,a806e7aff905232e78a0,11,"[""ieee123_opendss::100::pv"", ""ieee123_opendss::113::pv"", ""ieee123_opendss::16::pv"", ""ieee123_opendss::28::dispatchable_generation"", ""ieee123_opendss::48::dispatchable_generation"", ""ieee123_opendss::65::dispatchable_generation"", ""ieee123_opendss::69::bess"", ""ieee123_opendss::6::pv"", ""ieee123_opendss::73::bess"", ""ieee123_opendss::76::dispatchable_generation"", ""ieee123_opendss::87::dispatchable_generation""]",2298729.789207162,2298729.789207162,0.44640235640147496,True,-1.3858137,5791.399093708955,QCi Dirac-3 sample-hamiltonian,ieee123_global_master_shared_recourse_v2,results/phase3/sc_cmpo/budget_master_v2/system_traces/post_slsqp_catalog_step__6cf4a5dde4__rank_04__a806e7aff905232e78a0.json,system-9b40ede3ca426239d4a2,315.0,787.5,0.8297297297297297,0.27363896848137537,64.0,5791.425928251119
QCi global budget master V2,post_slsqp_catalog_step,5149457.112497372,5,4deba89d7a72141194d7,11,"[""ieee123_opendss::100::bess"", ""ieee123_opendss::113::pv"", ""ieee123_opendss::16::dispatchable_generation"", ""ieee123_opendss::28::bess"", ""ieee123_opendss::48::dispatchable_generation"", ""ieee123_opendss::65::dispatchable_generation"", ""ieee123_opendss::69::bess"", ""ieee123_opendss::6::dispatchable_generation"", ""ieee123_opendss::73::bess"", ""ieee123_opendss::76::dispatchable_generation"", ""ieee123_opendss::87::pv""]",2453654.876639086,2453654.876639086,0.4764880691372761,True,-2.596756,2036.8526407079771,QCi Dirac-3 sample-hamiltonian,ieee123_global_master_shared_recourse_v2,results/phase3/sc_cmpo/budget_master_v2/system_traces/post_slsqp_catalog_step__6cf4a5dde4__rank_05__4deba89d7a72141194d7.json,system-653cfd13bdcf53c86e07,456.5625,891.5625,0.7532094594594595,0.30802292263610315,90.0,2036.8801910409238
QCi global budget master V2,post_slsqp_catalog_step,5149457.112497372,6,45af5420f067276c191e,11,"[""ieee123_opendss::100::pv"", ""ieee123_opendss::113::dispatchable_generation"", ""ieee123_opendss::16::pv"", ""ieee123_opendss::28::pv"", ""ieee123_opendss::48::dispatchable_generation"", ""ieee123_opendss::65::dispatchable_generation"", ""ieee123_opendss::69::dispatchable_generation"", ""ieee123_opendss::6::bess"", ""ieee123_opendss::73::pv"", ""ieee123_opendss::76::pv"", ""ieee123_opendss::87::dispatchable_generation""]",2271878.8616451053,2271878.8616451053,0.4411880343913176,True,-1.2629172,5791.399093708955,QCi Dirac-3 sample-hamiltonian,ieee123_global_master_shared_recourse_v2,results/phase3/sc_cmpo/budget_master_v2/system_traces/post_slsqp_catalog_step__6cf4a5dde4__rank_06__45af5420f067276c191e.json,system-f77222621d588d4d1658,264.375,696.875,0.8570945945945946,0.39255014326647564,47.0,5791.426262583816
QCi global budget master V2,post_slsqp_catalog_step,5149457.112497372,7,c2ca362ed96dae13897b,11,"[""ieee123_opendss::100::dispatchable_generation"", ""ieee123_opendss::113::dispatchable_generation"", ""ieee123_opendss::16::bess"", ""ieee123_opendss::28::pv"", ""ieee123_opendss::48::dispatchable_generation"", ""ieee123_opendss::65::dispatchable_generation"", ""ieee123_opendss::69::pv"", ""ieee123_opendss::6::dispatchable_generation"", ""ieee123_opendss::73::pv"", ""ieee123_opendss::76::bess"", ""ieee123_opendss::87::bess""]",2515054.589207162,2515054.589207162,0.4884116003419663,True,-2.0811281,2036.8526407079771,QCi Dirac-3 sample-hamiltonian,ieee123_global_master_shared_recourse_v2,results/phase3/sc_cmpo/budget_master_v2/system_traces/post_slsqp_catalog_step__6cf4a5dde4__rank_07__c2ca362ed96dae13897b.json,system-c57ab16f324b313cc1f8,455.625,935.625,0.7537162162162162,0.3037249283667622,63.0,2036.8794074999169
QCi global budget master V2,post_slsqp_catalog_step,5149457.112497372,8,c50d09d7946988be3394,11,"[""ieee123_opendss::100::dispatchable_generation"", ""ieee123_opendss::113::bess"", ""ieee123_opendss::16::dispatchable_generation"", ""ieee123_opendss::28::dispatchable_generation"", ""ieee123_opendss::48::bess"", ""ieee123_opendss::65::dispatchable_generation"", ""ieee123_opendss::69::dispatchable_generation"", ""ieee123_opendss::6::dispatchable_generation"", ""ieee123_opendss::73::dispatchable_generation"", ""ieee123_opendss::76::pv"", ""ieee123_opendss::87::dispatchable_generation""]",2546903.6520828954,2546903.6520828954,0.49459653638084267,True,-8.6611948,5087.401613707887,QCi Dirac-3 sample-hamiltonian,ieee123_global_master_shared_recourse_v2,results/phase3/sc_cmpo/budget_master_v2/system_traces/post_slsqp_catalog_step__6cf4a5dde4__rank_08__c50d09d7946988be3394.json,system-5a1b4306db9ca2b99e32,506.25,941.25,0.7263513513513513,0.32951289398280803,56.0,5087.428088457789
QCi global budget master V2,post_slsqp_catalog_step,5149457.112497372,9,9fac008e49b76abd46bf,11,"[""ieee123_opendss::100::pv"", ""ieee123_opendss::113::bess"", ""ieee123_opendss::16::dispatchable_generation"", ""ieee123_opendss::28::pv"", ""ieee123_opendss::48::dispatchable_generation"", ""ieee123_opendss::65::bess"", ""ieee123_opendss::69::dispatchable_generation"", ""ieee123_opendss::6::pv"", ""ieee123_opendss::73::pv"", ""ieee123_opendss::76::dispatchable_generation"", ""ieee123_opendss::87::pv""]",2467293.465846248,2467293.465846248,0.47913661808315666,True,-2.9778371,5087.401613707887,QCi Dirac-3 sample-hamiltonian,ieee123_global_master_shared_recourse_v2,results/phase3/sc_cmpo/budget_master_v2/system_traces/post_slsqp_catalog_step__6cf4a5dde4__rank_09__9fac008e49b76abd46bf.json,system-dfa3c59f5a9d48d1ab57,395.9375,825.9375,0.7859797297297297,0.35744985673352436,63.0,5087.428705625003
QCi global budget master V2,post_slsqp_catalog_step,5149457.112497372,10,3db7ecac9e39738ab682,11,"[""ieee123_opendss::100::dispatchable_generation"", ""ieee123_opendss::113::pv"", ""ieee123_opendss::16::pv"", ""ieee123_opendss::28::pv"", ""ieee123_opendss::48::dispatchable_generation"", ""ieee123_opendss::65::bess"", ""ieee123_opendss::69::dispatchable_generation"", ""ieee123_opendss::6::pv"", ""ieee123_opendss::73::dispatchable_generation"", ""ieee123_opendss::76::bess"", ""ieee123_opendss::87::dispatchable_generation""]",2604849.7892071623,2604849.7892071623,0.5058493997134911,True,-2.0963356,2036.8526407079771,QCi Dirac-3 sample-hamiltonian,ieee123_global_master_shared_recourse_v2,results/phase3/sc_cmpo/budget_master_v2/system_traces/post_slsqp_catalog_step__6cf4a5dde4__rank_10__3db7ecac9e39738ab682.json,system-85d0961ecad868b37915,596.875,1069.375,0.6773648648648649,0.3553008595988539,60.0,2036.8797592080664
QCi global budget master V2,qci_selected_cost,5602175.318543635,1,8bb0c790688f3e794755,11,"[""ieee123_opendss::100::dispatchable_generation"", ""ieee123_opendss::113::dispatchable_generation"", ""ieee123_opendss::16::dispatchable_generation"", ""ieee123_opendss::28::dispatchable_generation"", ""ieee123_opendss::48::dispatchable_generation"", ""ieee123_opendss::65::dispatchable_generation"", ""ieee123_opendss::69::pv"", ""ieee123_opendss::6::dispatchable_generation"", ""ieee123_opendss::73::dispatchable_generation"", ""ieee123_opendss::76::dispatchable_generation"", ""ieee123_opendss::87::dispatchable_generation""]",2057651.8203550477,2057651.8203550477,0.3672951493581539,True,-8.3438435,5835.1017101251055,QCi Dirac-3 sample-hamiltonian,ieee123_global_master_shared_recourse_v2,results/phase3/sc_cmpo/budget_master_v2/system_traces/qci_selected_cost__6cf4a5dde4__rank_01__8bb0c790688f3e794755.json,system-05b3ac788f533c57e416,147.5,627.5,0.9202702702702703,0.20487106017191978,27.0,5835.128351750085
QCi global budget master V2,qci_selected_cost,5602175.318543635,2,b834c330a1d5e7021892,11,"[""ieee123_opendss::100::dispatchable_generation"", ""ieee123_opendss::113::bess"", ""ieee123_opendss::16::dispatchable_generation"", ""ieee123_opendss::28::dispatchable_generation"", ""ieee123_opendss::48::dispatchable_generation"", ""ieee123_opendss::65::dispatchable_generation"", ""ieee123_opendss::69::dispatchable_generation"", ""ieee123_opendss::6::dispatchable_generation"", ""ieee123_opendss::73::bess"", ""ieee123_opendss::76::dispatchable_generation"", ""ieee123_opendss::87::pv""]",2220915.820355048,2220915.820355048,0.3964381144952112,True,-1.3305609,1284.2957424579654,QCi Dirac-3 sample-hamiltonian,ieee123_global_master_shared_recourse_v2,results/phase3/sc_cmpo/budget_master_v2/system_traces/qci_selected_cost__6cf4a5dde4__rank_02__b834c330a1d5e7021892.json,system-744d084c471113eb1fa1,284.0625,719.0625,0.8464527027027027,0.23710601719197708,57.0,1284.322550333105
QCi global budget master V2,qci_selected_cost,5602175.318543635,3,a84c65cc06dc81c8e85d,11,"[""ieee123_opendss::100::pv"", ""ieee123_opendss::113::pv"", ""ieee123_opendss::16::dispatchable_generation"", ""ieee123_opendss::28::bess"", ""ieee123_opendss::48::dispatchable_generation"", ""ieee123_opendss::65::dispatchable_generation"", ""ieee123_opendss::69::dispatchable_generation"", ""ieee123_opendss::6::pv"", ""ieee123_opendss::73::bess"", ""ieee123_opendss::76::dispatchable_generation"", ""ieee123_opendss::87::dispatchable_generation""]",2294560.332923124,2294560.332923124,0.4095838138674367,True,-4.9400258,1284.2957424579654,QCi Dirac-3 sample-hamiltonian,ieee123_global_master_shared_recourse_v2,results/phase3/sc_cmpo/budget_master_v2/system_traces/qci_selected_cost__6cf4a5dde4__rank_03__a84c65cc06dc81c8e85d.json,system-399984703c915b8204ee,317.5,792.5,0.8283783783783784,0.2507163323782235,62.0,1284.3228804159444
QCi global budget master V2,qci_selected_cost,5602175.318543635,4,9b48e578cf8d9239a3f6,11,"[""ieee123_opendss::100::pv"", ""ieee123_opendss::113::bess"", ""ieee123_opendss::16::dispatchable_generation"", ""ieee123_opendss::28::dispatchable_generation"", ""ieee123_opendss::48::dispatchable_generation"", ""ieee123_opendss::65::pv"", ""ieee123_opendss::69::bess"", ""ieee123_opendss::6::dispatchable_generation"", ""ieee123_opendss::73::bess"", ""ieee123_opendss::76::dispatchable_generation"", ""ieee123_opendss::87::dispatchable_generation""]",2381969.2634556955,2381969.2634556955,0.425186490606817,True,-3.6131215,5835.1017101251055,QCi Dirac-3 sample-hamiltonian,ieee123_global_master_shared_recourse_v2,results/phase3/sc_cmpo/budget_master_v2/system_traces/qci_selected_cost__6cf4a5dde4__rank_04__9b48e578cf8d9239a3f6.json,system-0d83a3cba15d69a68c4b,350.0,830.0,0.8108108108108109,0.2722063037249284,72.0,5835.129201000091
QCi global budget master V2,qci_selected_cost,5602175.318543635,5,20cbf42449a3c7bb22dc,11,"[""ieee123_opendss::100::bess"", ""ieee123_opendss::113::dispatchable_generation"", ""ieee123_opendss::16::dispatchable_generation"", ""ieee123_opendss::28::bess"", ""ieee123_opendss::48::dispatchable_generation"", ""ieee123_opendss::65::bess"", ""ieee123_opendss::69::bess"", ""ieee123_opendss::6::dispatchable_generation"", ""ieee123_opendss::73::bess"", ""ieee123_opendss::76::dispatchable_generation"", ""ieee123_opendss::87::dispatchable_generation""]",2644272.0,2644272.0,0.4720080771566099,True,-6.6402168,5610.904437124962,QCi Dirac-3 sample-hamiltonian,ieee123_global_master_shared_recourse_v2,results/phase3/sc_cmpo/budget_master_v2/system_traces/qci_selected_cost__6cf4a5dde4__rank_05__20cbf42449a3c7bb22dc.json,system-189f2f1e05927f5610e6,556.875,1036.875,0.6989864864864865,0.36962750716332377,94.0,5610.932401540922
QCi global budget master V2,qci_selected_cost,5602175.318543635,6,9354310934e0007d52ec,11,"[""ieee123_opendss::100::pv"", ""ieee123_opendss::113::pv"", ""ieee123_opendss::16::pv"", ""ieee123_opendss::28::pv"", ""ieee123_opendss::48::dispatchable_generation"", ""ieee123_opendss::65::pv"", ""ieee123_opendss::69::dispatchable_generation"", ""ieee123_opendss::6::bess"", ""ieee123_opendss::73::dispatchable_generation"", ""ieee123_opendss::76::dispatchable_generation"", ""ieee123_opendss::87::dispatchable_generation""]",2257787.9604498288,2257787.9604498288,0.4030198685457728,True,-1.8861859,1284.2957424579654,QCi Dirac-3 sample-hamiltonian,ieee123_global_master_shared_recourse_v2,results/phase3/sc_cmpo/budget_master_v2/system_traces/qci_selected_cost__6cf4a5dde4__rank_06__9354310934e0007d52ec.json,system-be58844cb13b76d3a348,235.0,712.5,0.8729729729729729,0.3524355300859599,45.0,1284.3230597907677
QCi global budget master V2,qci_selected_cost,5602175.318543635,7,0db89c6dd0baea76a93a,11,"[""ieee123_opendss::100::pv"", ""ieee123_opendss::113::bess"", ""ieee123_opendss::16::pv"", ""ieee123_opendss::28::pv"", ""ieee123_opendss::48::dispatchable_generation"", ""ieee123_opendss::65::dispatchable_generation"", ""ieee123_opendss::69::dispatchable_generation"", ""ieee123_opendss::6::pv"", ""ieee123_opendss::73::dispatchable_generation"", ""ieee123_opendss::76::pv"", ""ieee123_opendss::87::dispatchable_generation""]",2272833.3694320763,2272833.3694320763,0.4057055054862031,True,-4.2023726,5835.1017101251055,QCi Dirac-3 sample-hamiltonian,ieee123_global_master_shared_recourse_v2,results/phase3/sc_cmpo/budget_master_v2/system_traces/qci_selected_cost__6cf4a5dde4__rank_07__0db89c6dd0baea76a93a.json,system-7ff8bec3d0f020068424,269.375,696.875,0.8543918918918919,0.3753581661891118,51.0,5835.141317792237
QCi global budget master V2,qci_selected_cost,5602175.318543635,8,f7c6bc6a595467b77ac8,11,"[""ieee123_opendss::100::bess"", ""ieee123_opendss::113::bess"", ""ieee123_opendss::16::dispatchable_generation"", ""ieee123_opendss::28::pv"", ""ieee123_opendss::48::pv"", ""ieee123_opendss::65::dispatchable_generation"", ""ieee123_opendss::69::dispatchable_generation"", ""ieee123_opendss::6::dispatchable_generation"", ""ieee123_opendss::73::dispatchable_generation"", ""ieee123_opendss::76::dispatchable_generation"", ""ieee123_opendss::87::bess""]",2424241.967041524,2424241.967041524,0.4327322565249065,True,-5.2304611,5835.1017101251055,QCi Dirac-3 sample-hamiltonian,ieee123_global_master_shared_recourse_v2,results/phase3/sc_cmpo/budget_master_v2/system_traces/qci_selected_cost__6cf4a5dde4__rank_08__f7c6bc6a595467b77ac8.json,system-d9d66c4a5338fa80fda5,411.875,884.375,0.7773648648648649,0.3638968481375358,76.0,5835.128148833057
QCi global budget master V2,qci_selected_cost,5602175.318543635,9,778870300e97d46ec960,11,"[""ieee123_opendss::100::dispatchable_generation"", ""ieee123_opendss::113::dispatchable_generation"", ""ieee123_opendss::16::bess"", ""ieee123_opendss::28::dispatchable_generation"", ""ieee123_opendss::48::dispatchable_generation"", ""ieee123_opendss::65::bess"", ""ieee123_opendss::69::dispatchable_generation"", ""ieee123_opendss::6::pv"", ""ieee123_opendss::73::bess"", ""ieee123_opendss::76::pv"", ""ieee123_opendss::87::bess""]",2607173.144295924,2607173.144295924,0.4653858538960711,True,-7.8474636,5610.904437124962,QCi Dirac-3 sample-hamiltonian,ieee123_global_master_shared_recourse_v2,results/phase3/sc_cmpo/budget_master_v2/system_traces/qci_selected_cost__6cf4a5dde4__rank_09__778870300e97d46ec960.json,system-1f5d2a77f5ea904091a2,505.0,935.0,0.727027027027027,0.31805157593123207,76.0,5610.932284540962
QCi global budget master V2,qci_selected_cost,5602175.318543635,10,9d0b3ea0662d353128d1,11,"[""ieee123_opendss::100::pv"", ""ieee123_opendss::113::pv"", ""ieee123_opendss::16::pv"", ""ieee123_opendss::28::dispatchable_generation"", ""ieee123_opendss::48::bess"", ""ieee123_opendss::65::dispatchable_generation"", ""ieee123_opendss::69::pv"", ""ieee123_opendss::6::dispatchable_generation"", ""ieee123_opendss::73::bess"", ""ieee123_opendss::76::dispatchable_generation"", ""ieee123_opendss::87::dispatchable_generation""]",2598771.317349181,2598771.317349181,0.46388611023061815,True,-3.1830735,5835.1017101251055,QCi Dirac-3 sample-hamiltonian,ieee123_global_master_shared_recourse_v2,results/phase3/sc_cmpo/budget_master_v2/system_traces/qci_selected_cost__6cf4a5dde4__rank_10__9d0b3ea0662d353128d1.json,system-93b8f3da75046fb6d039,541.875,1019.375,0.7070945945945946,0.34097421203438394,65.0,5835.128650000086
exact MILP or CP-SAT upgrade master,minimum_feasible_islanding,2032032.0,1,dc9a6950e48e0da4f02b,11,"[""ieee123_opendss::100::dispatchable_generation"", ""ieee123_opendss::113::dispatchable_generation"", ""ieee123_opendss::16::dispatchable_generation"", ""ieee123_opendss::28::dispatchable_generation"", ""ieee123_opendss::48::dispatchable_generation"", ""ieee123_opendss::65::dispatchable_generation"", ""ieee123_opendss::69::dispatchable_generation"", ""ieee123_opendss::6::dispatchable_generation"", ""ieee123_opendss::73::dispatchable_generation"", ""ieee123_opendss::76::dispatchable_generation"", ""ieee123_opendss::87::dispatchable_generation""]",2032032.0,2032032.0,1.0,True,-1.3058808939180302,0.0016609590966254473,scipy.optimize.milp (HiGHS exact binary master),ieee123_global_master_shared_recourse_v2,results/phase3/sc_cmpo/budget_master_v2/system_traces/minimum_feasible_islanding__6d64e40a0b__rank_01__dc9a6950e48e0da4f02b.json,system-ed5a654d8282a5b3d94c,135.0,615.0,0.927027027027027,0.17621776504297995,24.0,0.03153912629932165
SLSQP/IPOPT relaxation,minimum_feasible_islanding,2032032.0,1,dc9a6950e48e0da4f02b,11,"[""ieee123_opendss::100::dispatchable_generation"", ""ieee123_opendss::113::dispatchable_generation"", ""ieee123_opendss::16::dispatchable_generation"", ""ieee123_opendss::28::dispatchable_generation"", ""ieee123_opendss::48::dispatchable_generation"", ""ieee123_opendss::65::dispatchable_generation"", ""ieee123_opendss::69::dispatchable_generation"", ""ieee123_opendss::6::dispatchable_generation"", ""ieee123_opendss::73::dispatchable_generation"", ""ieee123_opendss::76::dispatchable_generation"", ""ieee123_opendss::87::dispatchable_generation""]",2032032.0,2032032.0,1.0,True,-1.3058808939180302,0.004079125123098493,scipy.optimize.minimize(SLSQP) relaxation + hard-feasible projection,ieee123_global_master_shared_recourse_v2,results/phase3/sc_cmpo/budget_master_v2/system_traces/minimum_feasible_islanding__3b703f40df__rank_01__dc9a6950e48e0da4f02b.json,system-d27a6e567c3fc7fba275,135.0,615.0,0.927027027027027,0.17621776504297995,24.0,0.03143220813944936
classical Benders master,minimum_feasible_islanding,2032032.0,1,dc9a6950e48e0da4f02b,11,"[""ieee123_opendss::100::dispatchable_generation"", ""ieee123_opendss::113::dispatchable_generation"", ""ieee123_opendss::16::dispatchable_generation"", ""ieee123_opendss::28::dispatchable_generation"", ""ieee123_opendss::48::dispatchable_generation"", ""ieee123_opendss::65::dispatchable_generation"", ""ieee123_opendss::69::dispatchable_generation"", ""ieee123_opendss::6::dispatchable_generation"", ""ieee123_opendss::73::dispatchable_generation"", ""ieee123_opendss::76::dispatchable_generation"", ""ieee123_opendss::87::dispatchable_generation""]",2032032.0,2032032.0,1.0,True,-1.3058808939180302,0.0018973329570144415,HiGHS binary master with eight aggregated scenario optimality cuts,ieee123_global_master_shared_recourse_v2,results/phase3/sc_cmpo/budget_master_v2/system_traces/minimum_feasible_islanding__7d9e61fe7b__rank_01__dc9a6950e48e0da4f02b.json,system-61a859fb026550e3acf0,135.0,615.0,0.927027027027027,0.17621776504297995,24.0,0.030128207989037037
greedy cost-benefit portfolio selection,minimum_feasible_islanding,2032032.0,1,dc9a6950e48e0da4f02b,11,"[""ieee123_opendss::100::dispatchable_generation"", ""ieee123_opendss::113::dispatchable_generation"", ""ieee123_opendss::16::dispatchable_generation"", ""ieee123_opendss::28::dispatchable_generation"", ""ieee123_opendss::48::dispatchable_generation"", ""ieee123_opendss::65::dispatchable_generation"", ""ieee123_opendss::69::dispatchable_generation"", ""ieee123_opendss::6::dispatchable_generation"", ""ieee123_opendss::73::dispatchable_generation"", ""ieee123_opendss::76::dispatchable_generation"", ""ieee123_opendss::87::dispatchable_generation""]",2032032.0,2032032.0,1.0,True,-1.3058808939180302,0.0008112920913845301,deterministic cost-benefit greedy with hard-feasible repair,ieee123_global_master_shared_recourse_v2,results/phase3/sc_cmpo/budget_master_v2/system_traces/minimum_feasible_islanding__c33f0b61c0__rank_01__dc9a6950e48e0da4f02b.json,system-371d917f8b6bc06c81a0,135.0,615.0,0.927027027027027,0.17621776504297995,24.0,0.028301084181293845
GPU random portfolio search,minimum_feasible_islanding,2032032.0,1,dc9a6950e48e0da4f02b,11,"[""ieee123_opendss::100::dispatchable_generation"", ""ieee123_opendss::113::dispatchable_generation"", ""ieee123_opendss::16::dispatchable_generation"", ""ieee123_opendss::28::dispatchable_generation"", ""ieee123_opendss::48::dispatchable_generation"", ""ieee123_opendss::65::dispatchable_generation"", ""ieee123_opendss::69::dispatchable_generation"", ""ieee123_opendss::6::dispatchable_generation"", ""ieee123_opendss::73::dispatchable_generation"", ""ieee123_opendss::76::dispatchable_generation"", ""ieee123_opendss::87::dispatchable_generation""]",2032032.0,2032032.0,1.0,True,-1.3058808939180302,0.8010256250854582,NumPy vector search (no CUDA device available),ieee123_global_master_shared_recourse_v2,results/phase3/sc_cmpo/budget_master_v2/system_traces/minimum_feasible_islanding__f5c9766df0__rank_01__dc9a6950e48e0da4f02b.json,system-bab1fc99833a69d0c67f,135.0,615.0,0.927027027027027,0.17621776504297995,24.0,0.8283790000714362
QUBO/quadratized upgrade master,minimum_feasible_islanding,2032032.0,1,dc9a6950e48e0da4f02b,11,"[""ieee123_opendss::100::dispatchable_generation"", ""ieee123_opendss::113::dispatchable_generation"", ""ieee123_opendss::16::dispatchable_generation"", ""ieee123_opendss::28::dispatchable_generation"", ""ieee123_opendss::48::dispatchable_generation"", ""ieee123_opendss::65::dispatchable_generation"", ""ieee123_opendss::69::dispatchable_generation"", ""ieee123_opendss::6::dispatchable_generation"", ""ieee123_opendss::73::dispatchable_generation"", ""ieee123_opendss::76::dispatchable_generation"", ""ieee123_opendss::87::dispatchable_generation""]",2032032.0,2032032.0,1.0,True,-1.3058808939180302,0.011033124988898635,binary simulated annealing over quadratized hard-constraint master,ieee123_global_master_shared_recourse_v2,results/phase3/sc_cmpo/budget_master_v2/system_traces/minimum_feasible_islanding__a4bbc35054__rank_01__dc9a6950e48e0da4f02b.json,system-924f99c7590c97155a74,135.0,615.0,0.927027027027027,0.17621776504297995,24.0,0.03826233302243054
exact MILP or CP-SAT upgrade master,low_cost_catalog_step,2114027.8922130284,1,dc9a6950e48e0da4f02b,11,"[""ieee123_opendss::100::dispatchable_generation"", ""ieee123_opendss::113::dispatchable_generation"", ""ieee123_opendss::16::dispatchable_generation"", ""ieee123_opendss::28::dispatchable_generation"", ""ieee123_opendss::48::dispatchable_generation"", ""ieee123_opendss::65::dispatchable_generation"", ""ieee123_opendss::69::dispatchable_generation"", ""ieee123_opendss::6::dispatchable_generation"", ""ieee123_opendss::73::dispatchable_generation"", ""ieee123_opendss::76::dispatchable_generation"", ""ieee123_opendss::87::dispatchable_generation""]",2032032.0,2032032.0,0.9612134293426031,True,-1.0000637227011817,0.00263008289039135,scipy.optimize.milp (HiGHS exact binary master),ieee123_global_master_shared_recourse_v2,results/phase3/sc_cmpo/budget_master_v2/system_traces/low_cost_catalog_step__6d64e40a0b__rank_01__dc9a6950e48e0da4f02b.json,system-ed5a654d8282a5b3d94c,135.0,615.0,0.927027027027027,0.17621776504297995,24.0,0.030211290810257196
SLSQP/IPOPT relaxation,low_cost_catalog_step,2114027.8922130284,1,dc9a6950e48e0da4f02b,11,"[""ieee123_opendss::100::dispatchable_generation"", ""ieee123_opendss::113::dispatchable_generation"", ""ieee123_opendss::16::dispatchable_generation"", ""ieee123_opendss::28::dispatchable_generation"", ""ieee123_opendss::48::dispatchable_generation"", ""ieee123_opendss::65::dispatchable_generation"", ""ieee123_opendss::69::dispatchable_generation"", ""ieee123_opendss::6::dispatchable_generation"", ""ieee123_opendss::73::dispatchable_generation"", ""ieee123_opendss::76::dispatchable_generation"", ""ieee123_opendss::87::dispatchable_generation""]",2032032.0,2032032.0,0.9612134293426031,True,-1.0000637227011817,0.018696124898269773,scipy.optimize.minimize(SLSQP) relaxation + hard-feasible projection,ieee123_global_master_shared_recourse_v2,results/phase3/sc_cmpo/budget_master_v2/system_traces/low_cost_catalog_step__3b703f40df__rank_01__dc9a6950e48e0da4f02b.json,system-d27a6e567c3fc7fba275,135.0,615.0,0.927027027027027,0.17621776504297995,24.0,0.0458984998986125
classical Benders master,low_cost_catalog_step,2114027.8922130284,1,dc9a6950e48e0da4f02b,11,"[""ieee123_opendss::100::dispatchable_generation"", ""ieee123_opendss::113::dispatchable_generation"", ""ieee123_opendss::16::dispatchable_generation"", ""ieee123_opendss::28::dispatchable_generation"", ""ieee123_opendss::48::dispatchable_generation"", ""ieee123_opendss::65::dispatchable_generation"", ""ieee123_opendss::69::dispatchable_generation"", ""ieee123_opendss::6::dispatchable_generation"", ""ieee123_opendss::73::dispatchable_generation"", ""ieee123_opendss::76::dispatchable_generation"", ""ieee123_opendss::87::dispatchable_generation""]",2032032.0,2032032.0,0.9612134293426031,True,-1.0000637227011817,0.0026853331364691257,HiGHS binary master with eight aggregated scenario optimality cuts,ieee123_global_master_shared_recourse_v2,results/phase3/sc_cmpo/budget_master_v2/system_traces/low_cost_catalog_step__7d9e61fe7b__rank_01__dc9a6950e48e0da4f02b.json,system-61a859fb026550e3acf0,135.0,615.0,0.927027027027027,0.17621776504297995,24.0,0.02980470797047019
greedy cost-benefit portfolio selection,low_cost_catalog_step,2114027.8922130284,1,dc9a6950e48e0da4f02b,11,"[""ieee123_opendss::100::dispatchable_generation"", ""ieee123_opendss::113::dispatchable_generation"", ""ieee123_opendss::16::dispatchable_generation"", ""ieee123_opendss::28::dispatchable_generation"", ""ieee123_opendss::48::dispatchable_generation"", ""ieee123_opendss::65::dispatchable_generation"", ""ieee123_opendss::69::dispatchable_generation"", ""ieee123_opendss::6::dispatchable_generation"", ""ieee123_opendss::73::dispatchable_generation"", ""ieee123_opendss::76::dispatchable_generation"", ""ieee123_opendss::87::dispatchable_generation""]",2032032.0,2032032.0,0.9612134293426031,True,-1.0000637227011817,0.0008104578591883183,deterministic cost-benefit greedy with hard-feasible repair,ieee123_global_master_shared_recourse_v2,results/phase3/sc_cmpo/budget_master_v2/system_traces/low_cost_catalog_step__c33f0b61c0__rank_01__dc9a6950e48e0da4f02b.json,system-371d917f8b6bc06c81a0,135.0,615.0,0.927027027027027,0.17621776504297995,24.0,0.027473999885842204
GPU random portfolio search,low_cost_catalog_step,2114027.8922130284,1,dc9a6950e48e0da4f02b,11,"[""ieee123_opendss::100::dispatchable_generation"", ""ieee123_opendss::113::dispatchable_generation"", ""ieee123_opendss::16::dispatchable_generation"", ""ieee123_opendss::28::dispatchable_generation"", ""ieee123_opendss::48::dispatchable_generation"", ""ieee123_opendss::65::dispatchable_generation"", ""ieee123_opendss::69::dispatchable_generation"", ""ieee123_opendss::6::dispatchable_generation"", ""ieee123_opendss::73::dispatchable_generation"", ""ieee123_opendss::76::dispatchable_generation"", ""ieee123_opendss::87::dispatchable_generation""]",2032032.0,2032032.0,0.9612134293426031,True,-1.0000637227011817,0.7719791671261191,NumPy vector search (no CUDA device available),ieee123_global_master_shared_recourse_v2,results/phase3/sc_cmpo/budget_master_v2/system_traces/low_cost_catalog_step__f5c9766df0__rank_01__dc9a6950e48e0da4f02b.json,system-bab1fc99833a69d0c67f,135.0,615.0,0.927027027027027,0.17621776504297995,24.0,0.7994290001224726
QUBO/quadratized upgrade master,low_cost_catalog_step,2114027.8922130284,1,dc9a6950e48e0da4f02b,11,"[""ieee123_opendss::100::dispatchable_generation"", ""ieee123_opendss::113::dispatchable_generation"", ""ieee123_opendss::16::dispatchable_generation"", ""ieee123_opendss::28::dispatchable_generation"", ""ieee123_opendss::48::dispatchable_generation"", ""ieee123_opendss::65::dispatchable_generation"", ""ieee123_opendss::69::dispatchable_generation"", ""ieee123_opendss::6::dispatchable_generation"", ""ieee123_opendss::73::dispatchable_generation"", ""ieee123_opendss::76::dispatchable_generation"", ""ieee123_opendss::87::dispatchable_generation""]",2032032.0,2032032.0,0.9612134293426031,True,-1.0000637227011817,0.021821750095114112,binary simulated annealing over quadratized hard-constraint master,ieee123_global_master_shared_recourse_v2,results/phase3/sc_cmpo/budget_master_v2/system_traces/low_cost_catalog_step__a4bbc35054__rank_01__dc9a6950e48e0da4f02b.json,system-924f99c7590c97155a74,135.0,615.0,0.927027027027027,0.17621776504297995,24.0,0.049695375142619014
exact MILP or CP-SAT upgrade master,pv_catalog_midpoint,3097978.598769372,1,05503af8bb45e3364f7f,19,"[""ieee123_opendss::100::dispatchable_generation"", ""ieee123_opendss::113::bess"", ""ieee123_opendss::113::dispatchable_generation"", ""ieee123_opendss::113::pv"", ""ieee123_opendss::16::bess"", ""ieee123_opendss::16::dispatchable_generation"", ""ieee123_opendss::16::pv"", ""ieee123_opendss::28::dispatchable_generation"", ""ieee123_opendss::48::dispatchable_generation"", ""ieee123_opendss::65::dispatchable_generation"", ""ieee123_opendss::69::dispatchable_generation"", ""ieee123_opendss::6::bess"", ""ieee123_opendss::6::dispatchable_generation"", ""ieee123_opendss::6::pv"", ""ieee123_opendss::73::dispatchable_generation"", ""ieee123_opendss::76::dispatchable_generation"", ""ieee123_opendss::87::bess"", ""ieee123_opendss::87::dispatchable_generation"", ""ieee123_opendss::87::pv""]",3085893.8251361526,3085893.8251361526,0.9960991423123389,True,-1.116527947792342,0.003369417041540146,scipy.optimize.milp (HiGHS exact binary master),ieee123_global_master_shared_recourse_v2,results/phase3/sc_cmpo/budget_master_v2/system_traces/pv_catalog_midpoint__6d64e40a0b__rank_01__05503af8bb45e3364f7f.json,system-9a40f7dfb2ba0d49180b,135.0,615.0,0.927027027027027,0.17621776504297995,24.0,0.03278308408334851
SLSQP/IPOPT relaxation,pv_catalog_midpoint,3097978.598769372,1,8f44a8152ce9416eeec3,19,"[""ieee123_opendss::100::dispatchable_generation"", ""ieee123_opendss::113::bess"", ""ieee123_opendss::113::dispatchable_generation"", ""ieee123_opendss::113::pv"", ""ieee123_opendss::16::bess"", ""ieee123_opendss::16::dispatchable_generation"", ""ieee123_opendss::16::pv"", ""ieee123_opendss::28::dispatchable_generation"", ""ieee123_opendss::48::dispatchable_generation"", ""ieee123_opendss::65::dispatchable_generation"", ""ieee123_opendss::69::dispatchable_generation"", ""ieee123_opendss::69::pv"", ""ieee123_opendss::6::bess"", ""ieee123_opendss::6::dispatchable_generation"", ""ieee123_opendss::6::pv"", ""ieee123_opendss::73::dispatchable_generation"", ""ieee123_opendss::76::dispatchable_generation"", ""ieee123_opendss::87::dispatchable_generation"", ""ieee123_opendss::87::pv""]",3029881.6454912,3029881.6454912,0.97801890777902,True,-1.116527947792342,0.024567540967836976,scipy.optimize.minimize(SLSQP) relaxation + hard-feasible projection,ieee123_global_master_shared_recourse_v2,results/phase3/sc_cmpo/budget_master_v2/system_traces/pv_catalog_midpoint__3b703f40df__rank_01__8f44a8152ce9416eeec3.json,system-58a25cbff2e7e79bdd60,135.0,615.0,0.927027027027027,0.17621776504297995,24.0,0.07265487383119762
classical Benders master,pv_catalog_midpoint,3097978.598769372,1,05503af8bb45e3364f7f,19,"[""ieee123_opendss::100::dispatchable_generation"", ""ieee123_opendss::113::bess"", ""ieee123_opendss::113::dispatchable_generation"", ""ieee123_opendss::113::pv"", ""ieee123_opendss::16::bess"", ""ieee123_opendss::16::dispatchable_generation"", ""ieee123_opendss::16::pv"", ""ieee123_opendss::28::dispatchable_generation"", ""ieee123_opendss::48::dispatchable_generation"", ""ieee123_opendss::65::dispatchable_generation"", ""ieee123_opendss::69::dispatchable_generation"", ""ieee123_opendss::6::bess"", ""ieee123_opendss::6::dispatchable_generation"", ""ieee123_opendss::6::pv"", ""ieee123_opendss::73::dispatchable_generation"", ""ieee123_opendss::76::dispatchable_generation"", ""ieee123_opendss::87::bess"", ""ieee123_opendss::87::dispatchable_generation"", ""ieee123_opendss::87::pv""]",3085893.8251361526,3085893.8251361526,0.9960991423123389,True,-1.116527947792342,0.0029437080956995487,HiGHS binary master with eight aggregated scenario optimality cuts,ieee123_global_master_shared_recourse_v2,results/phase3/sc_cmpo/budget_master_v2/system_traces/pv_catalog_midpoint__7d9e61fe7b__rank_01__05503af8bb45e3364f7f.json,system-a5aa73847398dcad25d4,135.0,615.0,0.927027027027027,0.17621776504297995,24.0,0.032866124995052814
greedy cost-benefit portfolio selection,pv_catalog_midpoint,3097978.598769372,1,742a215f60b30c13e09d,13,"[""ieee123_opendss::100::dispatchable_generation"", ""ieee123_opendss::113::bess"", ""ieee123_opendss::113::dispatchable_generation"", ""ieee123_opendss::16::dispatchable_generation"", ""ieee123_opendss::28::dispatchable_generation"", ""ieee123_opendss::48::bess"", ""ieee123_opendss::48::dispatchable_generation"", ""ieee123_opendss::65::dispatchable_generation"", ""ieee123_opendss::69::dispatchable_generation"", ""ieee123_opendss::6::dispatchable_generation"", ""ieee123_opendss::73::dispatchable_generation"", ""ieee123_opendss::76::dispatchable_generation"", ""ieee123_opendss::87::dispatchable_generation""]",3062827.2,3062827.2,0.9886534404132633,True,-1.1165279477923415,0.000839125132188201,deterministic cost-benefit greedy with hard-feasible repair,ieee123_global_master_shared_recourse_v2,results/phase3/sc_cmpo/budget_master_v2/system_traces/pv_catalog_midpoint__c33f0b61c0__rank_01__742a215f60b30c13e09d.json,system-d119aa74990eda2a1657,135.0,615.0,0.927027027027027,0.17621776504297995,24.0,0.028129750164225698
GPU random portfolio search,pv_catalog_midpoint,3097978.598769372,1,080ab2f10590d0e91d53,19,"[""ieee123_opendss::100::dispatchable_generation"", ""ieee123_opendss::113::bess"", ""ieee123_opendss::113::dispatchable_generation"", ""ieee123_opendss::113::pv"", ""ieee123_opendss::16::bess"", ""ieee123_opendss::16::dispatchable_generation"", ""ieee123_opendss::16::pv"", ""ieee123_opendss::28::dispatchable_generation"", ""ieee123_opendss::48::dispatchable_generation"", ""ieee123_opendss::65::dispatchable_generation"", ""ieee123_opendss::69::bess"", ""ieee123_opendss::69::dispatchable_generation"", ""ieee123_opendss::6::bess"", ""ieee123_opendss::6::dispatchable_generation"", ""ieee123_opendss::6::pv"", ""ieee123_opendss::73::dispatchable_generation"", ""ieee123_opendss::76::dispatchable_generation"", ""ieee123_opendss::87::dispatchable_generation"", ""ieee123_opendss::87::pv""]",3085893.8251361526,3085893.8251361526,0.9960991423123389,True,-1.116527947792342,0.5864658749196678,NumPy vector search (no CUDA device available),ieee123_global_master_shared_recourse_v2,results/phase3/sc_cmpo/budget_master_v2/system_traces/pv_catalog_midpoint__f5c9766df0__rank_01__080ab2f10590d0e91d53.json,system-2cbedea8a4ce30206701,135.0,615.0,0.927027027027027,0.17621776504297995,24.0,0.614632667042315
QUBO/quadratized upgrade master,pv_catalog_midpoint,3097978.598769372,1,5acd783c8e9b2d6dda9a,16,"[""ieee123_opendss::100::dispatchable_generation"", ""ieee123_opendss::113::bess"", ""ieee123_opendss::113::dispatchable_generation"", ""ieee123_opendss::16::bess"", ""ieee123_opendss::16::dispatchable_generation"", ""ieee123_opendss::28::bess"", ""ieee123_opendss::48::dispatchable_generation"", ""ieee123_opendss::65::dispatchable_generation"", ""ieee123_opendss::69::dispatchable_generation"", ""ieee123_opendss::6::bess"", ""ieee123_opendss::6::dispatchable_generation"", ""ieee123_opendss::6::pv"", ""ieee123_opendss::73::dispatchable_generation"", ""ieee123_opendss::76::bess"", ""ieee123_opendss::87::bess"", ""ieee123_opendss::87::dispatchable_generation""]",3077514.2922130288,3077514.2922130288,0.9933943034453265,True,-1.1165279477923418,0.013936749892309308,binary simulated annealing over quadratized hard-constraint master,ieee123_global_master_shared_recourse_v2,results/phase3/sc_cmpo/budget_master_v2/system_traces/pv_catalog_midpoint__a4bbc35054__rank_01__5acd783c8e9b2d6dda9a.json,system-5dd12ee84e0c4cdcd3eb,388.125,868.125,0.7902027027027027,0.2922636103151863,49.0,0.042598458006978035
exact MILP or CP-SAT upgrade master,slsqp_selected_cost,4532906.712497371,1,51d4821ccf88894085c5,26,"[""ieee123_opendss::100::bess"", ""ieee123_opendss::100::dispatchable_generation"", ""ieee123_opendss::100::pv"", ""ieee123_opendss::113::bess"", ""ieee123_opendss::113::dispatchable_generation"", ""ieee123_opendss::113::pv"", ""ieee123_opendss::16::bess"", ""ieee123_opendss::16::dispatchable_generation"", ""ieee123_opendss::16::pv"", ""ieee123_opendss::28::bess"", ""ieee123_opendss::28::dispatchable_generation"", ""ieee123_opendss::28::pv"", ""ieee123_opendss::48::dispatchable_generation"", ""ieee123_opendss::65::dispatchable_generation"", ""ieee123_opendss::69::bess"", ""ieee123_opendss::69::dispatchable_generation"", ""ieee123_opendss::69::pv"", ""ieee123_opendss::6::bess"", ""ieee123_opendss::6::dispatchable_generation"", ""ieee123_opendss::73::bess"", ""ieee123_opendss::73::dispatchable_generation"", ""ieee123_opendss::73::pv"", ""ieee123_opendss::76::dispatchable_generation"", ""ieee123_opendss::87::bess"", ""ieee123_opendss::87::dispatchable_generation"", ""ieee123_opendss::87::pv""]",4518824.306556343,4518824.306556343,0.996893294560375,True,-1.005611199544851,0.0019260419066995382,scipy.optimize.milp (HiGHS exact binary master),ieee123_global_master_shared_recourse_v2,results/phase3/sc_cmpo/budget_master_v2/system_traces/slsqp_selected_cost__6d64e40a0b__rank_01__51d4821ccf88894085c5.json,system-33e3252e12ea1960e3dc,135.0,615.0,0.927027027027027,0.17621776504297995,24.0,0.031103207962587476
SLSQP/IPOPT relaxation,slsqp_selected_cost,4532906.712497371,1,16b5c2c0ba602c41b832,26,"[""ieee123_opendss::100::dispatchable_generation"", ""ieee123_opendss::100::pv"", ""ieee123_opendss::113::bess"", ""ieee123_opendss::113::dispatchable_generation"", ""ieee123_opendss::113::pv"", ""ieee123_opendss::16::bess"", ""ieee123_opendss::16::dispatchable_generation"", ""ieee123_opendss::16::pv"", ""ieee123_opendss::28::bess"", ""ieee123_opendss::28::dispatchable_generation"", ""ieee123_opendss::28::pv"", ""ieee123_opendss::48::dispatchable_generation"", ""ieee123_opendss::65::dispatchable_generation"", ""ieee123_opendss::69::bess"", ""ieee123_opendss::69::dispatchable_generation"", ""ieee123_opendss::69::pv"", ""ieee123_opendss::6::bess"", ""ieee123_opendss::6::dispatchable_generation"", ""ieee123_opendss::6::pv"", ""ieee123_opendss::73::bess"", ""ieee123_opendss::73::dispatchable_generation"", ""ieee123_opendss::73::pv"", ""ieee123_opendss::76::dispatchable_generation"", ""ieee123_opendss::87::bess"", ""ieee123_opendss::87::dispatchable_generation"", ""ieee123_opendss::87::pv""]",4369613.798769372,4369613.798769372,0.9639761142055283,True,-1.005611199544851,0.016343000112101436,scipy.optimize.minimize(SLSQP) relaxation + hard-feasible projection,ieee123_global_master_shared_recourse_v2,results/phase3/sc_cmpo/budget_master_v2/system_traces/slsqp_selected_cost__3b703f40df__rank_01__16b5c2c0ba602c41b832.json,system-8952203431c7cceeae78,135.0,615.0,0.927027027027027,0.17621776504297995,24.0,0.045537833124399185
classical Benders master,slsqp_selected_cost,4532906.712497371,1,51d4821ccf88894085c5,26,"[""ieee123_opendss::100::bess"", ""ieee123_opendss::100::dispatchable_generation"", ""ieee123_opendss::100::pv"", ""ieee123_opendss::113::bess"", ""ieee123_opendss::113::dispatchable_generation"", ""ieee123_opendss::113::pv"", ""ieee123_opendss::16::bess"", ""ieee123_opendss::16::dispatchable_generation"", ""ieee123_opendss::16::pv"", ""ieee123_opendss::28::bess"", ""ieee123_opendss::28::dispatchable_generation"", ""ieee123_opendss::28::pv"", ""ieee123_opendss::48::dispatchable_generation"", ""ieee123_opendss::65::dispatchable_generation"", ""ieee123_opendss::69::bess"", ""ieee123_opendss::69::dispatchable_generation"", ""ieee123_opendss::69::pv"", ""ieee123_opendss::6::bess"", ""ieee123_opendss::6::dispatchable_generation"", ""ieee123_opendss::73::bess"", ""ieee123_opendss::73::dispatchable_generation"", ""ieee123_opendss::73::pv"", ""ieee123_opendss::76::dispatchable_generation"", ""ieee123_opendss::87::bess"", ""ieee123_opendss::87::dispatchable_generation"", ""ieee123_opendss::87::pv""]",4518824.306556343,4518824.306556343,0.996893294560375,True,-1.005611199544851,0.0019144159741699696,HiGHS binary master with eight aggregated scenario optimality cuts,ieee123_global_master_shared_recourse_v2,results/phase3/sc_cmpo/budget_master_v2/system_traces/slsqp_selected_cost__7d9e61fe7b__rank_01__51d4821ccf88894085c5.json,system-595dbd78cc6cb6197b36,135.0,615.0,0.927027027027027,0.17621776504297995,24.0,0.04626787407323718
greedy cost-benefit portfolio selection,slsqp_selected_cost,4532906.712497371,1,baac48fc69720713af8f,16,"[""ieee123_opendss::100::bess"", ""ieee123_opendss::100::dispatchable_generation"", ""ieee123_opendss::113::dispatchable_generation"", ""ieee123_opendss::16::dispatchable_generation"", ""ieee123_opendss::28::bess"", ""ieee123_opendss::28::dispatchable_generation"", ""ieee123_opendss::48::bess"", ""ieee123_opendss::48::dispatchable_generation"", ""ieee123_opendss::65::bess"", ""ieee123_opendss::65::dispatchable_generation"", ""ieee123_opendss::69::dispatchable_generation"", ""ieee123_opendss::6::dispatchable_generation"", ""ieee123_opendss::73::dispatchable_generation"", ""ieee123_opendss::76::bess"", ""ieee123_opendss::76::dispatchable_generation"", ""ieee123_opendss::87::dispatchable_generation""]",4517500.8,4517500.8,0.996601317107432,True,-1.0056111995448507,0.0008842078968882561,deterministic cost-benefit greedy with hard-feasible repair,ieee123_global_master_shared_recourse_v2,results/phase3/sc_cmpo/budget_master_v2/system_traces/slsqp_selected_cost__c33f0b61c0__rank_01__baac48fc69720713af8f.json,system-66992f8afa428371fd9f,135.0,615.0,0.927027027027027,0.17621776504297995,24.0,0.02876412495970726
GPU random portfolio search,slsqp_selected_cost,4532906.712497371,1,e252c630c695290d0185,25,"[""ieee123_opendss::100::bess"", ""ieee123_opendss::100::dispatchable_generation"", ""ieee123_opendss::113::bess"", ""ieee123_opendss::113::dispatchable_generation"", ""ieee123_opendss::113::pv"", ""ieee123_opendss::16::bess"", ""ieee123_opendss::16::dispatchable_generation"", ""ieee123_opendss::16::pv"", ""ieee123_opendss::28::bess"", ""ieee123_opendss::28::dispatchable_generation"", ""ieee123_opendss::48::dispatchable_generation"", ""ieee123_opendss::65::dispatchable_generation"", ""ieee123_opendss::65::pv"", ""ieee123_opendss::69::bess"", ""ieee123_opendss::69::dispatchable_generation"", ""ieee123_opendss::69::pv"", ""ieee123_opendss::6::bess"", ""ieee123_opendss::6::dispatchable_generation"", ""ieee123_opendss::6::pv"", ""ieee123_opendss::73::bess"", ""ieee123_opendss::73::dispatchable_generation"", ""ieee123_opendss::73::pv"", ""ieee123_opendss::76::dispatchable_generation"", ""ieee123_opendss::87::bess"", ""ieee123_opendss::87::dispatchable_generation""]",4532490.288591848,4532490.288591848,0.9999081331401823,True,-1.005611199544851,0.3556629999075085,NumPy vector search (no CUDA device available),ieee123_global_master_shared_recourse_v2,results/phase3/sc_cmpo/budget_master_v2/system_traces/slsqp_selected_cost__f5c9766df0__rank_01__e252c630c695290d0185.json,system-61c6c51043ee5cc2b1bd,135.0,615.0,0.927027027027027,0.17621776504297995,24.0,0.3844802079256624
QUBO/quadratized upgrade master,slsqp_selected_cost,4532906.712497371,1,b4e38df2e9e56bf7ee29,25,"[""ieee123_opendss::100::bess"", ""ieee123_opendss::100::dispatchable_generation"", ""ieee123_opendss::113::bess"", ""ieee123_opendss::113::dispatchable_generation"", ""ieee123_opendss::113::pv"", ""ieee123_opendss::16::bess"", ""ieee123_opendss::16::dispatchable_generation"", ""ieee123_opendss::16::pv"", ""ieee123_opendss::28::bess"", ""ieee123_opendss::28::dispatchable_generation"", ""ieee123_opendss::28::pv"", ""ieee123_opendss::48::dispatchable_generation"", ""ieee123_opendss::65::bess"", ""ieee123_opendss::69::bess"", ""ieee123_opendss::69::dispatchable_generation"", ""ieee123_opendss::69::pv"", ""ieee123_opendss::6::bess"", ""ieee123_opendss::6::dispatchable_generation"", ""ieee123_opendss::6::pv"", ""ieee123_opendss::73::dispatchable_generation"", ""ieee123_opendss::73::pv"", ""ieee123_opendss::76::pv"", ""ieee123_opendss::87::bess"", ""ieee123_opendss::87::dispatchable_generation"", ""ieee123_opendss::87::pv""]",4520495.26642621,4520495.26642621,0.9972619233400629,True,-1.005611199544851,0.018994166050106287,binary simulated annealing over quadratized hard-constraint master,ieee123_global_master_shared_recourse_v2,results/phase3/sc_cmpo/budget_master_v2/system_traces/slsqp_selected_cost__a4bbc35054__rank_01__b4e38df2e9e56bf7ee29.json,system-1bfc69c24b6eb45c359c,306.25,741.25,0.8344594594594594,0.2664756446991404,36.0,0.0481154581066221
exact MILP or CP-SAT upgrade master,post_slsqp_catalog_step,5149457.112497372,1,add73ca2c86b88dba641,28,"[""ieee123_opendss::100::bess"", ""ieee123_opendss::100::dispatchable_generation"", ""ieee123_opendss::100::pv"", ""ieee123_opendss::113::bess"", ""ieee123_opendss::113::dispatchable_generation"", ""ieee123_opendss::113::pv"", ""ieee123_opendss::16::bess"", ""ieee123_opendss::16::dispatchable_generation"", ""ieee123_opendss::16::pv"", ""ieee123_opendss::28::bess"", ""ieee123_opendss::28::dispatchable_generation"", ""ieee123_opendss::28::pv"", ""ieee123_opendss::48::dispatchable_generation"", ""ieee123_opendss::65::dispatchable_generation"", ""ieee123_opendss::69::bess"", ""ieee123_opendss::69::dispatchable_generation"", ""ieee123_opendss::69::pv"", ""ieee123_opendss::6::bess"", ""ieee123_opendss::6::dispatchable_generation"", ""ieee123_opendss::6::pv"", ""ieee123_opendss::73::bess"", ""ieee123_opendss::73::dispatchable_generation"", ""ieee123_opendss::73::pv"", ""ieee123_opendss::76::dispatchable_generation"", ""ieee123_opendss::76::pv"", ""ieee123_opendss::87::bess"", ""ieee123_opendss::87::dispatchable_generation"", ""ieee123_opendss::87::pv""]",5017632.650852267,5017632.650852267,0.9744003185646161,True,-1.0356310039867613,0.0017832498997449875,scipy.optimize.milp (HiGHS exact binary master),ieee123_global_master_shared_recourse_v2,results/phase3/sc_cmpo/budget_master_v2/system_traces/post_slsqp_catalog_step__6d64e40a0b__rank_01__add73ca2c86b88dba641.json,system-33190702736de6237238,135.0,615.0,0.927027027027027,0.17621776504297995,24.0,0.030709290876984596
SLSQP/IPOPT relaxation,post_slsqp_catalog_step,5149457.112497372,1,7a7ba0a3bb8f724f9448,28,"[""ieee123_opendss::100::bess"", ""ieee123_opendss::100::dispatchable_generation"", ""ieee123_opendss::100::pv"", ""ieee123_opendss::113::bess"", ""ieee123_opendss::113::dispatchable_generation"", ""ieee123_opendss::113::pv"", ""ieee123_opendss::16::bess"", ""ieee123_opendss::16::dispatchable_generation"", ""ieee123_opendss::16::pv"", ""ieee123_opendss::28::bess"", ""ieee123_opendss::28::dispatchable_generation"", ""ieee123_opendss::28::pv"", ""ieee123_opendss::48::dispatchable_generation"", ""ieee123_opendss::65::dispatchable_generation"", ""ieee123_opendss::65::pv"", ""ieee123_opendss::69::bess"", ""ieee123_opendss::69::dispatchable_generation"", ""ieee123_opendss::69::pv"", ""ieee123_opendss::6::bess"", ""ieee123_opendss::6::dispatchable_generation"", ""ieee123_opendss::6::pv"", ""ieee123_opendss::73::bess"", ""ieee123_opendss::73::dispatchable_generation"", ""ieee123_opendss::73::pv"", ""ieee123_opendss::76::dispatchable_generation"", ""ieee123_opendss::87::bess"", ""ieee123_opendss::87::dispatchable_generation"", ""ieee123_opendss::87::pv""]",4997133.67779901,4997133.67779901,0.9704195158109612,True,-1.0356310039867613,0.0292004169896245,scipy.optimize.minimize(SLSQP) relaxation + hard-feasible projection,ieee123_global_master_shared_recourse_v2,results/phase3/sc_cmpo/budget_master_v2/system_traces/post_slsqp_catalog_step__3b703f40df__rank_01__7a7ba0a3bb8f724f9448.json,system-49ced7dfcfe1ea98ec6f,135.0,615.0,0.927027027027027,0.17621776504297995,24.0,0.058530166978016496
classical Benders master,post_slsqp_catalog_step,5149457.112497372,1,add73ca2c86b88dba641,28,"[""ieee123_opendss::100::bess"", ""ieee123_opendss::100::dispatchable_generation"", ""ieee123_opendss::100::pv"", ""ieee123_opendss::113::bess"", ""ieee123_opendss::113::dispatchable_generation"", ""ieee123_opendss::113::pv"", ""ieee123_opendss::16::bess"", ""ieee123_opendss::16::dispatchable_generation"", ""ieee123_opendss::16::pv"", ""ieee123_opendss::28::bess"", ""ieee123_opendss::28::dispatchable_generation"", ""ieee123_opendss::28::pv"", ""ieee123_opendss::48::dispatchable_generation"", ""ieee123_opendss::65::dispatchable_generation"", ""ieee123_opendss::69::bess"", ""ieee123_opendss::69::dispatchable_generation"", ""ieee123_opendss::69::pv"", ""ieee123_opendss::6::bess"", ""ieee123_opendss::6::dispatchable_generation"", ""ieee123_opendss::6::pv"", ""ieee123_opendss::73::bess"", ""ieee123_opendss::73::dispatchable_generation"", ""ieee123_opendss::73::pv"", ""ieee123_opendss::76::dispatchable_generation"", ""ieee123_opendss::76::pv"", ""ieee123_opendss::87::bess"", ""ieee123_opendss::87::dispatchable_generation"", ""ieee123_opendss::87::pv""]",5017632.650852267,5017632.650852267,0.9744003185646161,True,-1.0356310039867613,0.0017102500423789024,HiGHS binary master with eight aggregated scenario optimality cuts,ieee123_global_master_shared_recourse_v2,results/phase3/sc_cmpo/budget_master_v2/system_traces/post_slsqp_catalog_step__7d9e61fe7b__rank_01__add73ca2c86b88dba641.json,system-57c0013607f7156b84cd,135.0,615.0,0.927027027027027,0.17621776504297995,24.0,0.031765042105689645
greedy cost-benefit portfolio selection,post_slsqp_catalog_step,5149457.112497372,1,622ea1688cdef6335048,19,"[""ieee123_opendss::100::bess"", ""ieee123_opendss::100::dispatchable_generation"", ""ieee123_opendss::113::dispatchable_generation"", ""ieee123_opendss::16::dispatchable_generation"", ""ieee123_opendss::28::bess"", ""ieee123_opendss::28::dispatchable_generation"", ""ieee123_opendss::48::bess"", ""ieee123_opendss::48::dispatchable_generation"", ""ieee123_opendss::65::bess"", ""ieee123_opendss::65::dispatchable_generation"", ""ieee123_opendss::69::bess"", ""ieee123_opendss::69::dispatchable_generation"", ""ieee123_opendss::6::dispatchable_generation"", ""ieee123_opendss::73::bess"", ""ieee123_opendss::73::dispatchable_generation"", ""ieee123_opendss::76::bess"", ""ieee123_opendss::76::dispatchable_generation"", ""ieee123_opendss::87::bess"", ""ieee123_opendss::87::dispatchable_generation""]",5134051.2,5134051.2,0.997008245304154,True,-1.0356310039867611,0.000900499988347292,deterministic cost-benefit greedy with hard-feasible repair,ieee123_global_master_shared_recourse_v2,results/phase3/sc_cmpo/budget_master_v2/system_traces/post_slsqp_catalog_step__c33f0b61c0__rank_01__622ea1688cdef6335048.json,system-31544b7c54fb2d6d42eb,135.0,615.0,0.927027027027027,0.17621776504297995,24.0,0.032488291850313544
GPU random portfolio search,post_slsqp_catalog_step,5149457.112497372,1,a64eb0ab724181ac87ee,27,"[""ieee123_opendss::100::bess"", ""ieee123_opendss::100::dispatchable_generation"", ""ieee123_opendss::100::pv"", ""ieee123_opendss::113::bess"", ""ieee123_opendss::113::dispatchable_generation"", ""ieee123_opendss::113::pv"", ""ieee123_opendss::16::bess"", ""ieee123_opendss::16::dispatchable_generation"", ""ieee123_opendss::28::bess"", ""ieee123_opendss::28::dispatchable_generation"", ""ieee123_opendss::28::pv"", ""ieee123_opendss::48::dispatchable_generation"", ""ieee123_opendss::65::dispatchable_generation"", ""ieee123_opendss::69::bess"", ""ieee123_opendss::69::dispatchable_generation"", ""ieee123_opendss::69::pv"", ""ieee123_opendss::6::bess"", ""ieee123_opendss::6::dispatchable_generation"", ""ieee123_opendss::6::pv"", ""ieee123_opendss::73::bess"", ""ieee123_opendss::73::dispatchable_generation"", ""ieee123_opendss::73::pv"", ""ieee123_opendss::76::bess"", ""ieee123_opendss::76::dispatchable_generation"", ""ieee123_opendss::87::bess"", ""ieee123_opendss::87::dispatchable_generation"", ""ieee123_opendss::87::pv""]",5079141.942485333,5079141.942485333,0.9863451295008578,True,-1.0356310039867613,0.3348917078692466,NumPy vector search (no CUDA device available),ieee123_global_master_shared_recourse_v2,results/phase3/sc_cmpo/budget_master_v2/system_traces/post_slsqp_catalog_step__f5c9766df0__rank_01__a64eb0ab724181ac87ee.json,system-0ac604da764f40b4fec9,135.0,615.0,0.927027027027027,0.17621776504297995,24.0,0.36339983297511935
QUBO/quadratized upgrade master,post_slsqp_catalog_step,5149457.112497372,1,0dbe9a36ad2fb69c944e,27,"[""ieee123_opendss::100::bess"", ""ieee123_opendss::100::dispatchable_generation"", ""ieee123_opendss::100::pv"", ""ieee123_opendss::113::bess"", ""ieee123_opendss::113::dispatchable_generation"", ""ieee123_opendss::113::pv"", ""ieee123_opendss::16::bess"", ""ieee123_opendss::16::dispatchable_generation"", ""ieee123_opendss::16::pv"", ""ieee123_opendss::28::dispatchable_generation"", ""ieee123_opendss::28::pv"", ""ieee123_opendss::48::dispatchable_generation"", ""ieee123_opendss::65::bess"", ""ieee123_opendss::65::dispatchable_generation"", ""ieee123_opendss::65::pv"", ""ieee123_opendss::69::bess"", ""ieee123_opendss::69::dispatchable_generation"", ""ieee123_opendss::69::pv"", ""ieee123_opendss::6::bess"", ""ieee123_opendss::6::dispatchable_generation"", ""ieee123_opendss::6::pv"", ""ieee123_opendss::73::dispatchable_generation"", ""ieee123_opendss::73::pv"", ""ieee123_opendss::76::dispatchable_generation"", ""ieee123_opendss::87::bess"", ""ieee123_opendss::87::dispatchable_generation"", ""ieee123_opendss::87::pv""]",5093469.67779901,5093469.67779901,0.9891275073322808,True,-1.0356310039867613,0.01999975019134581,binary simulated annealing over quadratized hard-constraint master,ieee123_global_master_shared_recourse_v2,results/phase3/sc_cmpo/budget_master_v2/system_traces/post_slsqp_catalog_step__a4bbc35054__rank_01__0dbe9a36ad2fb69c944e.json,system-616dc906f442cf061448,135.0,615.0,0.927027027027027,0.17621776504297995,24.0,0.048961875261738896
exact MILP or CP-SAT upgrade master,qci_selected_cost,5602175.318543635,1,0244fc03097c70e0fae4,29,"[""ieee123_opendss::100::bess"", ""ieee123_opendss::100::dispatchable_generation"", ""ieee123_opendss::100::pv"", ""ieee123_opendss::113::bess"", ""ieee123_opendss::113::dispatchable_generation"", ""ieee123_opendss::113::pv"", ""ieee123_opendss::16::bess"", ""ieee123_opendss::16::dispatchable_generation"", ""ieee123_opendss::16::pv"", ""ieee123_opendss::28::bess"", ""ieee123_opendss::28::dispatchable_generation"", ""ieee123_opendss::28::pv"", ""ieee123_opendss::48::dispatchable_generation"", ""ieee123_opendss::65::dispatchable_generation"", ""ieee123_opendss::65::pv"", ""ieee123_opendss::69::bess"", ""ieee123_opendss::69::dispatchable_generation"", ""ieee123_opendss::69::pv"", ""ieee123_opendss::6::bess"", ""ieee123_opendss::6::dispatchable_generation"", ""ieee123_opendss::6::pv"", ""ieee123_opendss::73::bess"", ""ieee123_opendss::73::dispatchable_generation"", ""ieee123_opendss::73::pv"", ""ieee123_opendss::76::bess"", ""ieee123_opendss::76::dispatchable_generation"", ""ieee123_opendss::87::bess"", ""ieee123_opendss::87::dispatchable_generation"", ""ieee123_opendss::87::pv""]",5584783.27779901,5584783.27779901,0.9968954843867424,True,-1.0674132017223301,0.0019427500665187836,scipy.optimize.milp (HiGHS exact binary master),ieee123_global_master_shared_recourse_v2,results/phase3/sc_cmpo/budget_master_v2/system_traces/qci_selected_cost__6d64e40a0b__rank_01__0244fc03097c70e0fae4.json,system-00966da417e805a95f93,135.0,615.0,0.927027027027027,0.17621776504297995,24.0,0.030556624988093972
SLSQP/IPOPT relaxation,qci_selected_cost,5602175.318543635,1,8b57e122610db4cc4bbd,29,"[""ieee123_opendss::100::bess"", ""ieee123_opendss::100::dispatchable_generation"", ""ieee123_opendss::100::pv"", ""ieee123_opendss::113::bess"", ""ieee123_opendss::113::dispatchable_generation"", ""ieee123_opendss::113::pv"", ""ieee123_opendss::16::bess"", ""ieee123_opendss::16::dispatchable_generation"", ""ieee123_opendss::16::pv"", ""ieee123_opendss::28::bess"", ""ieee123_opendss::28::dispatchable_generation"", ""ieee123_opendss::28::pv"", ""ieee123_opendss::48::dispatchable_generation"", ""ieee123_opendss::65::dispatchable_generation"", ""ieee123_opendss::65::pv"", ""ieee123_opendss::69::bess"", ""ieee123_opendss::69::dispatchable_generation"", ""ieee123_opendss::69::pv"", ""ieee123_opendss::6::bess"", ""ieee123_opendss::6::dispatchable_generation"", ""ieee123_opendss::6::pv"", ""ieee123_opendss::73::bess"", ""ieee123_opendss::73::dispatchable_generation"", ""ieee123_opendss::73::pv"", ""ieee123_opendss::76::dispatchable_generation"", ""ieee123_opendss::76::pv"", ""ieee123_opendss::87::bess"", ""ieee123_opendss::87::dispatchable_generation"", ""ieee123_opendss::87::pv""]",5413946.129881905,5413946.129881905,0.9664006965225318,True,-1.0674132017223301,0.03253345820121467,scipy.optimize.minimize(SLSQP) relaxation + hard-feasible projection,ieee123_global_master_shared_recourse_v2,results/phase3/sc_cmpo/budget_master_v2/system_traces/qci_selected_cost__3b703f40df__rank_01__8b57e122610db4cc4bbd.json,system-13fb19b1a69628278a7c,135.0,615.0,0.927027027027027,0.17621776504297995,24.0,0.06167429219931364
classical Benders master,qci_selected_cost,5602175.318543635,1,0244fc03097c70e0fae4,29,"[""ieee123_opendss::100::bess"", ""ieee123_opendss::100::dispatchable_generation"", ""ieee123_opendss::100::pv"", ""ieee123_opendss::113::bess"", ""ieee123_opendss::113::dispatchable_generation"", ""ieee123_opendss::113::pv"", ""ieee123_opendss::16::bess"", ""ieee123_opendss::16::dispatchable_generation"", ""ieee123_opendss::16::pv"", ""ieee123_opendss::28::bess"", ""ieee123_opendss::28::dispatchable_generation"", ""ieee123_opendss::28::pv"", ""ieee123_opendss::48::dispatchable_generation"", ""ieee123_opendss::65::dispatchable_generation"", ""ieee123_opendss::65::pv"", ""ieee123_opendss::69::bess"", ""ieee123_opendss::69::dispatchable_generation"", ""ieee123_opendss::69::pv"", ""ieee123_opendss::6::bess"", ""ieee123_opendss::6::dispatchable_generation"", ""ieee123_opendss::6::pv"", ""ieee123_opendss::73::bess"", ""ieee123_opendss::73::dispatchable_generation"", ""ieee123_opendss::73::pv"", ""ieee123_opendss::76::bess"", ""ieee123_opendss::76::dispatchable_generation"", ""ieee123_opendss::87::bess"", ""ieee123_opendss::87::dispatchable_generation"", ""ieee123_opendss::87::pv""]",5584783.27779901,5584783.27779901,0.9968954843867424,True,-1.0674132017223301,0.0019523750524967909,HiGHS binary master with eight aggregated scenario optimality cuts,ieee123_global_master_shared_recourse_v2,results/phase3/sc_cmpo/budget_master_v2/system_traces/qci_selected_cost__7d9e61fe7b__rank_01__0244fc03097c70e0fae4.json,system-4b0a57a11d513081cdb0,135.0,615.0,0.927027027027027,0.17621776504297995,24.0,0.03156350017525256
greedy cost-benefit portfolio selection,qci_selected_cost,5602175.318543635,1,98d8677fbf046febbceb,22,"[""ieee123_opendss::100::bess"", ""ieee123_opendss::100::dispatchable_generation"", ""ieee123_opendss::113::bess"", ""ieee123_opendss::113::dispatchable_generation"", ""ieee123_opendss::16::bess"", ""ieee123_opendss::16::dispatchable_generation"", ""ieee123_opendss::28::bess"", ""ieee123_opendss::28::dispatchable_generation"", ""ieee123_opendss::48::bess"", ""ieee123_opendss::48::dispatchable_generation"", ""ieee123_opendss::65::bess"", ""ieee123_opendss::65::dispatchable_generation"", ""ieee123_opendss::69::bess"", ""ieee123_opendss::69::dispatchable_generation"", ""ieee123_opendss::6::bess"", ""ieee123_opendss::6::dispatchable_generation"", ""ieee123_opendss::73::bess"", ""ieee123_opendss::73::dispatchable_generation"", ""ieee123_opendss::76::bess"", ""ieee123_opendss::76::dispatchable_generation"", ""ieee123_opendss::87::bess"", ""ieee123_opendss::87::dispatchable_generation""]",5557929.6,5557929.6,0.9921020467893643,True,-1.0674132017223301,0.0008784579113125801,deterministic cost-benefit greedy with hard-feasible repair,ieee123_global_master_shared_recourse_v2,results/phase3/sc_cmpo/budget_master_v2/system_traces/qci_selected_cost__c33f0b61c0__rank_01__98d8677fbf046febbceb.json,system-14b5867ad5d2470fee85,135.0,615.0,0.927027027027027,0.17621776504297995,24.0,0.02953624981455505
GPU random portfolio search,qci_selected_cost,5602175.318543635,1,0244fc03097c70e0fae4,29,"[""ieee123_opendss::100::bess"", ""ieee123_opendss::100::dispatchable_generation"", ""ieee123_opendss::100::pv"", ""ieee123_opendss::113::bess"", ""ieee123_opendss::113::dispatchable_generation"", ""ieee123_opendss::113::pv"", ""ieee123_opendss::16::bess"", ""ieee123_opendss::16::dispatchable_generation"", ""ieee123_opendss::16::pv"", ""ieee123_opendss::28::bess"", ""ieee123_opendss::28::dispatchable_generation"", ""ieee123_opendss::28::pv"", ""ieee123_opendss::48::dispatchable_generation"", ""ieee123_opendss::65::dispatchable_generation"", ""ieee123_opendss::65::pv"", ""ieee123_opendss::69::bess"", ""ieee123_opendss::69::dispatchable_generation"", ""ieee123_opendss::69::pv"", ""ieee123_opendss::6::bess"", ""ieee123_opendss::6::dispatchable_generation"", ""ieee123_opendss::6::pv"", ""ieee123_opendss::73::bess"", ""ieee123_opendss::73::dispatchable_generation"", ""ieee123_opendss::73::pv"", ""ieee123_opendss::76::bess"", ""ieee123_opendss::76::dispatchable_generation"", ""ieee123_opendss::87::bess"", ""ieee123_opendss::87::dispatchable_generation"", ""ieee123_opendss::87::pv""]",5584783.27779901,5584783.27779901,0.9968954843867424,True,-1.0674132017223301,0.33025870798155665,NumPy vector search (no CUDA device available),ieee123_global_master_shared_recourse_v2,results/phase3/sc_cmpo/budget_master_v2/system_traces/qci_selected_cost__f5c9766df0__rank_01__0244fc03097c70e0fae4.json,system-524ec565c810ea35b8d5,135.0,615.0,0.927027027027027,0.17621776504297995,24.0,0.3589630408678204
QUBO/quadratized upgrade master,qci_selected_cost,5602175.318543635,1,0244fc03097c70e0fae4,29,"[""ieee123_opendss::100::bess"", ""ieee123_opendss::100::dispatchable_generation"", ""ieee123_opendss::100::pv"", ""ieee123_opendss::113::bess"", ""ieee123_opendss::113::dispatchable_generation"", ""ieee123_opendss::113::pv"", ""ieee123_opendss::16::bess"", ""ieee123_opendss::16::dispatchable_generation"", ""ieee123_opendss::16::pv"", ""ieee123_opendss::28::bess"", ""ieee123_opendss::28::dispatchable_generation"", ""ieee123_opendss::28::pv"", ""ieee123_opendss::48::dispatchable_generation"", ""ieee123_opendss::65::dispatchable_generation"", ""ieee123_opendss::65::pv"", ""ieee123_opendss::69::bess"", ""ieee123_opendss::69::dispatchable_generation"", ""ieee123_opendss::69::pv"", ""ieee123_opendss::6::bess"", ""ieee123_opendss::6::dispatchable_generation"", ""ieee123_opendss::6::pv"", ""ieee123_opendss::73::bess"", ""ieee123_opendss::73::dispatchable_generation"", ""ieee123_opendss::73::pv"", ""ieee123_opendss::76::bess"", ""ieee123_opendss::76::dispatchable_generation"", ""ieee123_opendss::87::bess"", ""ieee123_opendss::87::dispatchable_generation"", ""ieee123_opendss::87::pv""]",5584783.27779901,5584783.27779901,0.9968954843867424,True,-1.0674132017223301,0.02056587510742247,binary simulated annealing over quadratized hard-constraint master,ieee123_global_master_shared_recourse_v2,results/phase3/sc_cmpo/budget_master_v2/system_traces/qci_selected_cost__a4bbc35054__rank_01__0244fc03097c70e0fae4.json,system-13fcc1cc00114df36629,135.0,615.0,0.927027027027027,0.17621776504297995,24.0,0.04984720819629729
